CREATE DATABASE  IF NOT EXISTS `newfinance` /*!40100 DEFAULT CHARACTER SET utf8 */;
USE `newfinance`;
-- MySQL dump 10.13  Distrib 5.7.9, for Win64 (x86_64)
--
-- Host: localhost    Database: newfinance
-- ------------------------------------------------------
-- Server version	5.7.14

/*!40101 SET @OLD_CHARACTER_SET_CLIENT=@@CHARACTER_SET_CLIENT */;
/*!40101 SET @OLD_CHARACTER_SET_RESULTS=@@CHARACTER_SET_RESULTS */;
/*!40101 SET @OLD_COLLATION_CONNECTION=@@COLLATION_CONNECTION */;
/*!40101 SET NAMES utf8 */;
/*!40103 SET @OLD_TIME_ZONE=@@TIME_ZONE */;
/*!40103 SET TIME_ZONE='+00:00' */;
/*!40014 SET @OLD_UNIQUE_CHECKS=@@UNIQUE_CHECKS, UNIQUE_CHECKS=0 */;
/*!40014 SET @OLD_FOREIGN_KEY_CHECKS=@@FOREIGN_KEY_CHECKS, FOREIGN_KEY_CHECKS=0 */;
/*!40101 SET @OLD_SQL_MODE=@@SQL_MODE, SQL_MODE='NO_AUTO_VALUE_ON_ZERO' */;
/*!40111 SET @OLD_SQL_NOTES=@@SQL_NOTES, SQL_NOTES=0 */;

--
-- Table structure for table `centrodecusto`
--

DROP TABLE IF EXISTS `centrodecusto`;
/*!40101 SET @saved_cs_client     = @@character_set_client */;
/*!40101 SET character_set_client = utf8 */;
CREATE TABLE `centrodecusto` (
  `id_centrodecusto` int(11) NOT NULL AUTO_INCREMENT,
  `nome` varchar(128) NOT NULL,
  `ativo` int(11) NOT NULL,
  PRIMARY KEY (`id_centrodecusto`),
  UNIQUE KEY `nome_UNIQUE` (`nome`)
) ENGINE=InnoDB AUTO_INCREMENT=6 DEFAULT CHARSET=utf8;
/*!40101 SET character_set_client = @saved_cs_client */;

--
-- Dumping data for table `centrodecusto`
--

LOCK TABLES `centrodecusto` WRITE;
/*!40000 ALTER TABLE `centrodecusto` DISABLE KEYS */;
INSERT INTO `centrodecusto` VALUES (1,'Diego',1),(2,'Leidy',1),(3,'Natus',1),(4,'Recebidos de volta',1),(5,'Leidy e Diego (Juntos)',1);
/*!40000 ALTER TABLE `centrodecusto` ENABLE KEYS */;
UNLOCK TABLES;

--
-- Table structure for table `centrodecusto_finalidade`
--

DROP TABLE IF EXISTS `centrodecusto_finalidade`;
/*!40101 SET @saved_cs_client     = @@character_set_client */;
/*!40101 SET character_set_client = utf8 */;
CREATE TABLE `centrodecusto_finalidade` (
  `id_centrodecusto` int(11) NOT NULL,
  `id_finalidade` int(11) NOT NULL,
  `ativo` int(11) NOT NULL,
  PRIMARY KEY (`id_centrodecusto`,`id_finalidade`),
  UNIQUE KEY `chave_unica` (`id_centrodecusto`,`id_finalidade`),
  KEY `fk_centrodecusto_has_finalidade_finalidade1_idx` (`id_finalidade`),
  KEY `fk_centrodecusto_has_finalidade_centrodecusto1_idx` (`id_centrodecusto`),
  CONSTRAINT `fk_centrodecusto_has_finalidade_centrodecusto1` FOREIGN KEY (`id_centrodecusto`) REFERENCES `centrodecusto` (`id_centrodecusto`) ON DELETE NO ACTION ON UPDATE NO ACTION,
  CONSTRAINT `fk_centrodecusto_has_finalidade_finalidade1` FOREIGN KEY (`id_finalidade`) REFERENCES `finalidade` (`id_finalidade`) ON DELETE NO ACTION ON UPDATE NO ACTION
) ENGINE=InnoDB DEFAULT CHARSET=utf8;
/*!40101 SET character_set_client = @saved_cs_client */;

--
-- Dumping data for table `centrodecusto_finalidade`
--

LOCK TABLES `centrodecusto_finalidade` WRITE;
/*!40000 ALTER TABLE `centrodecusto_finalidade` DISABLE KEYS */;
INSERT INTO `centrodecusto_finalidade` VALUES (1,42,1),(1,43,1),(1,46,1),(1,50,1),(1,53,1),(1,54,1),(1,57,1),(1,58,1),(1,59,1),(1,60,1),(1,61,1),(1,62,1),(1,64,1),(1,71,1),(1,75,1),(1,76,1),(1,77,1),(1,78,1),(1,79,1),(1,80,1),(1,81,1),(1,94,1),(1,116,1),(1,123,1),(2,42,1),(2,43,1),(2,44,1),(2,51,1),(2,52,1),(2,55,1),(2,63,1),(2,64,1),(2,65,1),(2,67,1),(2,75,1),(2,76,1),(2,79,1),(2,117,1),(2,118,1),(2,124,1),(2,125,1),(3,45,1),(3,47,1),(3,48,1),(3,56,1),(3,66,1),(3,76,1),(3,77,1),(3,81,1),(3,82,1),(3,83,1),(3,84,1),(3,85,1),(3,86,1),(3,87,1),(3,88,1),(3,89,1),(3,90,1),(3,91,1),(3,92,1),(3,93,1),(3,95,1),(3,96,1),(3,97,1),(3,98,1),(3,99,1),(3,100,1),(3,101,1),(3,102,1),(3,103,1),(3,104,1),(3,105,1),(3,106,1),(3,107,1),(3,108,1),(3,112,1),(3,113,1),(3,114,1),(3,115,1),(3,120,1),(3,121,1),(3,122,1),(4,44,1),(4,119,1),(5,42,1),(5,49,1),(5,68,1),(5,72,1),(5,73,1),(5,74,1),(5,75,1),(5,76,1),(5,79,1);
/*!40000 ALTER TABLE `centrodecusto_finalidade` ENABLE KEYS */;
UNLOCK TABLES;

--
-- Table structure for table `contasapagar`
--

DROP TABLE IF EXISTS `contasapagar`;
/*!40101 SET @saved_cs_client     = @@character_set_client */;
/*!40101 SET character_set_client = utf8 */;
CREATE TABLE `contasapagar` (
  `id_contasapagar` int(11) NOT NULL AUTO_INCREMENT,
  `id_centrodecusto` int(11) NOT NULL,
  `descricao` varchar(400) NOT NULL,
  `datadereferencia` date NOT NULL,
  `datadevencimento` date NOT NULL,
  `valor` decimal(10,2) NOT NULL,
  `pago` int(11) NOT NULL,
  `ativo` int(11) NOT NULL,
  PRIMARY KEY (`id_contasapagar`),
  KEY `centrodecusto_idx` (`id_centrodecusto`),
  CONSTRAINT `centrodecusto` FOREIGN KEY (`id_centrodecusto`) REFERENCES `centrodecusto` (`id_centrodecusto`) ON DELETE NO ACTION ON UPDATE NO ACTION
) ENGINE=InnoDB AUTO_INCREMENT=3 DEFAULT CHARSET=utf8;
/*!40101 SET character_set_client = @saved_cs_client */;

--
-- Dumping data for table `contasapagar`
--

LOCK TABLES `contasapagar` WRITE;
/*!40000 ALTER TABLE `contasapagar` DISABLE KEYS */;
INSERT INTO `contasapagar` VALUES (1,1,'FACULDADE DIEGO','2017-02-10','2017-02-10',1030.01,1,1),(2,1,'UNIMED DA LEIDYs','2019-07-01','2018-06-01',1258.90,1,1);
/*!40000 ALTER TABLE `contasapagar` ENABLE KEYS */;
UNLOCK TABLES;

--
-- Table structure for table `faturamento`
--

DROP TABLE IF EXISTS `faturamento`;
/*!40101 SET @saved_cs_client     = @@character_set_client */;
/*!40101 SET character_set_client = utf8 */;
CREATE TABLE `faturamento` (
  `id_faturamento` int(11) NOT NULL AUTO_INCREMENT,
  `id_centrodecusto` int(11) NOT NULL,
  `descricao` varchar(128) NOT NULL,
  `data` date NOT NULL,
  `valor` decimal(10,2) NOT NULL,
  PRIMARY KEY (`id_faturamento`),
  KEY `centrodecusto_idx` (`id_centrodecusto`)
) ENGINE=MyISAM AUTO_INCREMENT=17 DEFAULT CHARSET=utf8;
/*!40101 SET character_set_client = @saved_cs_client */;

--
-- Dumping data for table `faturamento`
--

LOCK TABLES `faturamento` WRITE;
/*!40000 ALTER TABLE `faturamento` DISABLE KEYS */;
INSERT INTO `faturamento` VALUES (11,1,'Salário Diego REF 01/2017','2017-02-12',2845.24),(9,3,'Vendas Natus','2017-01-31',4536.73),(8,3,'Vendas Natus','2017-01-21',5028.95),(7,3,'Vendas Natus','2017-01-10',7160.35),(10,1,'Salário Diego REF 12/2016','2017-01-12',2796.40),(12,1,'Salário REF 02/2017','2017-03-01',5521.00),(13,3,'Vendas Natus','2017-02-10',6196.75),(15,3,'Vendas Natus','2017-02-20',4684.80),(16,3,'Vendas Natus','2017-02-28',3036.65);
/*!40000 ALTER TABLE `faturamento` ENABLE KEYS */;
UNLOCK TABLES;

--
-- Table structure for table `finalidade`
--

DROP TABLE IF EXISTS `finalidade`;
/*!40101 SET @saved_cs_client     = @@character_set_client */;
/*!40101 SET character_set_client = utf8 */;
CREATE TABLE `finalidade` (
  `id_finalidade` int(11) NOT NULL AUTO_INCREMENT,
  `id_grupodefinalidade` int(11) DEFAULT NULL,
  `nome` varchar(128) NOT NULL,
  `ativo` int(11) NOT NULL,
  PRIMARY KEY (`id_finalidade`),
  KEY `fk_finalidade_grupodefinalidade1_idx` (`id_grupodefinalidade`),
  CONSTRAINT `grupodefinalidade_fk` FOREIGN KEY (`id_grupodefinalidade`) REFERENCES `grupodefinalidade` (`id_grupodefinalidade`) ON DELETE NO ACTION ON UPDATE NO ACTION
) ENGINE=InnoDB AUTO_INCREMENT=126 DEFAULT CHARSET=utf8;
/*!40101 SET character_set_client = @saved_cs_client */;

--
-- Dumping data for table `finalidade`
--

LOCK TABLES `finalidade` WRITE;
/*!40000 ALTER TABLE `finalidade` DISABLE KEYS */;
INSERT INTO `finalidade` VALUES (42,15,'Comida fora de casa',1),(43,25,'Não identificado (Não lembro)',1),(44,25,'Não necessário indentificar',1),(45,16,'Help (Maria do Socorro)',1),(46,22,'Compra da moto',1),(47,41,'Contador',1),(48,16,'Laine - (Vanderlaine)',1),(49,15,'Supermercado',1),(50,22,'Emplacamento',1),(51,23,'Maquiagem',1),(52,24,'Unimed da Leidy',1),(53,26,'IOF Conta Bradesco Diego',1),(54,26,'Enc Lim Credito Bradesco Diego',1),(55,24,'Bradesco Saúde Leidy',1),(56,25,'Chaveiro (cópia chave)',1),(57,27,'Claro controle Diego',1),(58,28,'Católica Diego',1),(59,24,'Bradesco Saúde Diego',1),(60,22,'Gasolina Moto',1),(61,26,'Emprestimo pessoal FUNC',1),(62,26,'Emprestimo Corolla',1),(63,22,'Gasolina Corolla',1),(64,24,'Farmácia',1),(65,25,'Produtos Lady Parfum',1),(66,29,'Embalagens',1),(67,23,'Manicure',1),(68,30,'Netflix',1),(71,25,'Compra do Iphone',1),(72,33,'Ração',1),(73,22,'Manutenção Corolla',1),(74,34,'Máquina de cortar cabelo',1),(75,35,'Calçados',1),(76,36,'Eletrônicos',1),(77,36,'Peças e periféricos para Computador',1),(78,22,'Outros',1),(79,37,'Material elétrico',1),(80,28,'Materiais para faculdade',1),(81,26,'Empréstimo Tribanco',1),(82,16,'Nini & Bambini',1),(83,16,'Recarga',1),(84,41,'Aluguel INFRAERO',1),(85,26,'Manut. Conta Tribanco',1),(86,26,'Tarifa maquineta MASTERCARD',1),(87,26,'Juros Cheque Esp. Tribanco',1),(88,26,'IOF Cheque Esp. Tribanco',1),(89,26,'Cesta de Serviço Bradesco PJ',1),(90,29,'Cartuchos impressora',1),(91,42,'FGTS/GRF',1),(92,42,'ICMS',1),(93,16,'Associação Artesões',1),(94,36,'Macbook',1),(95,16,'Malex',1),(96,42,'INSS/GPS',1),(97,42,'DARF',1),(98,16,'Arnaldo Marajoara',1),(99,42,'Simples Nacional',1),(100,16,'Maria do Rosário',1),(101,42,'Simples Nacional Parcelado',1),(102,16,'Anicanor',1),(103,16,'Irismar',1),(104,16,'Lucas',1),(105,16,'Kraho',1),(106,16,'Guilherme',1),(107,16,'Feira',1),(108,43,'Folha Pagamento Francisca',1),(112,43,'Vale Transporte Francisca',1),(113,43,'Folha Pagamento Lurdiane',1),(114,43,'Vale Transporte Lurdiane',1),(115,43,'Almoço Funcionárias',1),(116,22,'Revisão moto',1),(117,35,'Roupas, vestidos, costureiras, etc',1),(118,23,'Bijouterias, etc',1),(119,25,'CASE MAC ANDREZINHO',1),(120,16,'Sem identificação',1),(121,26,'IOF Cheq. Esp. Bradesco',1),(122,26,'Juros Cheq. Esp. Bradesco',1),(123,22,'Financiamento da Moto',1),(124,27,'Claro controle Leidy',1),(125,26,'Anuidade cartão crédito',1);
/*!40000 ALTER TABLE `finalidade` ENABLE KEYS */;
UNLOCK TABLES;

--
-- Table structure for table `formadepagamento`
--

DROP TABLE IF EXISTS `formadepagamento`;
/*!40101 SET @saved_cs_client     = @@character_set_client */;
/*!40101 SET character_set_client = utf8 */;
CREATE TABLE `formadepagamento` (
  `id_formadepagamento` int(11) NOT NULL AUTO_INCREMENT,
  `codigo` int(11) DEFAULT NULL,
  `nome` varchar(100) NOT NULL,
  `ativo` int(11) DEFAULT NULL,
  PRIMARY KEY (`id_formadepagamento`)
) ENGINE=InnoDB AUTO_INCREMENT=11 DEFAULT CHARSET=utf8;
/*!40101 SET character_set_client = @saved_cs_client */;

--
-- Dumping data for table `formadepagamento`
--

LOCK TABLES `formadepagamento` WRITE;
/*!40000 ALTER TABLE `formadepagamento` DISABLE KEYS */;
INSERT INTO `formadepagamento` VALUES (1,1,'Dinheiro',1),(2,2,'Diego>BB>Débito/Online/Transf',1),(3,10,'Leidy>Bradesco>Débito/Online',1),(4,4,'Diego>Bradesco>Débito/Online/Transf',1),(5,5,'Diego>Bradesco>Crédito',1),(6,6,'Diego>Nubank>Crédito',1),(7,9,'Natus>Tribanco>Débito/Online',1),(8,7,'Natus>Bradesco>Débito/Online/Transf',1),(9,8,'Natus>Bradesco>Cheque',1),(10,3,'Diego>Bradesco>Cheque',1);
/*!40000 ALTER TABLE `formadepagamento` ENABLE KEYS */;
UNLOCK TABLES;

--
-- Table structure for table `grupodefinalidade`
--

DROP TABLE IF EXISTS `grupodefinalidade`;
/*!40101 SET @saved_cs_client     = @@character_set_client */;
/*!40101 SET character_set_client = utf8 */;
CREATE TABLE `grupodefinalidade` (
  `id_grupodefinalidade` int(11) NOT NULL AUTO_INCREMENT,
  `nome` varchar(256) NOT NULL,
  `Ativo` int(11) NOT NULL,
  PRIMARY KEY (`id_grupodefinalidade`),
  UNIQUE KEY `nome_UNIQUE` (`nome`)
) ENGINE=InnoDB AUTO_INCREMENT=48 DEFAULT CHARSET=utf8;
/*!40101 SET character_set_client = @saved_cs_client */;

--
-- Dumping data for table `grupodefinalidade`
--

LOCK TABLES `grupodefinalidade` WRITE;
/*!40000 ALTER TABLE `grupodefinalidade` DISABLE KEYS */;
INSERT INTO `grupodefinalidade` VALUES (15,'Alimentação',1),(16,'Fornecedores',1),(18,'Contabilidade',1),(22,'Transporte',1),(23,'Salão, Maquiaguem, Unhas, Cabeleiro, Etc',1),(24,'Saúde, Exames, Consultas, Planos, Etc',1),(25,'Outros',1),(26,'Despesas Bancárias',1),(27,'Despesas com Telefonia',1),(28,'Educação, Estudos, Concursos',1),(29,'Despesas consumíveis (papelaria, cartuchos, sacolas)',1),(30,'Diversão, Hobbies',1),(33,'Charllote&Magali',1),(34,'Eletrônicos',1),(35,'Roupas, Calçados, Vestidos, Etc',1),(36,'Eletrônicos, Eletrodomésticos, Hardware, Etc',1),(37,'Mat. Construção e Elétricos, Ferramentas, etc',1),(41,'Despesas Fixas',1),(42,'Imposto',1),(43,'Despesa com Funcionários (Folha, Vale Transporte)',1);
/*!40000 ALTER TABLE `grupodefinalidade` ENABLE KEYS */;
UNLOCK TABLES;

--
-- Table structure for table `lancamento`
--

DROP TABLE IF EXISTS `lancamento`;
/*!40101 SET @saved_cs_client     = @@character_set_client */;
/*!40101 SET character_set_client = utf8 */;
CREATE TABLE `lancamento` (
  `id_lancamento` int(11) NOT NULL AUTO_INCREMENT,
  `id_lancamentopai` int(11) DEFAULT NULL,
  `id_centrodecusto` int(11) NOT NULL,
  `id_finalidade` int(11) NOT NULL,
  `id_formadepagamento` int(11) NOT NULL,
  `tipolancamento` int(11) NOT NULL,
  `despesaconfirmada` int(11) NOT NULL,
  `valor` decimal(10,2) NOT NULL,
  `numeroparcela` int(11) DEFAULT NULL,
  `datadoacontecimento` datetime DEFAULT NULL,
  `datareferencia` datetime DEFAULT NULL,
  `datapagamento` datetime NOT NULL,
  `numerodocumento` varchar(50) DEFAULT NULL,
  `localdadespesa` varchar(100) DEFAULT NULL,
  `descricao` varchar(255) DEFAULT NULL,
  `descricaodetalhada` varchar(5000) DEFAULT NULL,
  `datacadastro` datetime DEFAULT CURRENT_TIMESTAMP,
  `ativo` int(11) NOT NULL,
  `qtparcelas` int(11) DEFAULT NULL,
  PRIMARY KEY (`id_lancamento`),
  KEY `fk_lancamento_centrodecusto_finalidade1_idx` (`id_centrodecusto`,`id_finalidade`),
  KEY `fk_lancamento_lancamento_idx` (`id_lancamentopai`),
  KEY `fk_formadepagamento_idx` (`id_formadepagamento`),
  CONSTRAINT `fk_formadepagamento` FOREIGN KEY (`id_formadepagamento`) REFERENCES `formadepagamento` (`id_formadepagamento`) ON DELETE NO ACTION ON UPDATE NO ACTION,
  CONSTRAINT `fk_lancamento_centrodecusto_finalidade1` FOREIGN KEY (`id_centrodecusto`, `id_finalidade`) REFERENCES `centrodecusto_finalidade` (`id_centrodecusto`, `id_finalidade`) ON DELETE NO ACTION ON UPDATE NO ACTION,
  CONSTRAINT `fk_lancamento_lancamento` FOREIGN KEY (`id_lancamentopai`) REFERENCES `lancamento` (`id_lancamento`) ON DELETE NO ACTION ON UPDATE NO ACTION
) ENGINE=InnoDB AUTO_INCREMENT=449 DEFAULT CHARSET=utf8;
/*!40101 SET character_set_client = @saved_cs_client */;

--
-- Dumping data for table `lancamento`
--

LOCK TABLES `lancamento` WRITE;
/*!40000 ALTER TABLE `lancamento` DISABLE KEYS */;
INSERT INTO `lancamento` VALUES (1,NULL,1,43,2,0,1,210.00,NULL,'2017-01-06 00:00:00','2017-01-06 00:00:00','2017-01-06 00:00:00','520.526.000.026.376','','Transferência on line  06/01 0526 26376-1 MARLES NAVES L','','2017-02-06 13:45:51',1,NULL),(2,NULL,4,44,2,0,1,150.00,NULL,'2017-01-10 00:00:00','2017-01-10 00:00:00','2017-01-10 00:00:00','528.096.000.001.586','Palmas-TO','Transferência on line  10/01 8096 1586-5 FRANCISCA ALVE','Tratava-se de um pequeno adiantamento para a francisca, mas que foi contabilizado no salário dela.','2017-02-06 13:55:40',1,NULL),(4,NULL,4,44,2,0,1,1200.00,NULL,'2017-01-12 00:00:00','2017-01-12 00:00:00','2017-01-12 00:00:00','525.921.000.046.134','Palmas-TO','Transferência on line  12/01 5921 46134-2 SAULO PIRES DE','Saulo me entregou em espécie e pediu para transferir na conta dele.','2017-02-06 13:58:57',1,NULL),(6,NULL,3,45,2,0,1,1075.00,NULL,'2017-01-12 00:00:00','2017-01-12 00:00:00','2017-01-12 00:00:00','11.201','Palmas-TO','TED Transf.Eletr.Disponiv  341 6877 85179280168 MARIA DO SOCORRO','Pagamento de peças de capim dourado','2017-02-06 14:00:58',1,NULL),(7,NULL,1,46,2,0,1,4000.00,NULL,'2017-01-13 00:00:00','2017-01-13 00:00:00','2017-01-13 00:00:00','521.505.000.040.332','Palmas-TO','Pagamento da entrada da moto','Transferência on line  13/01 1505 40332-6 MOTOPALMAS COM','2017-02-06 14:04:23',1,NULL),(8,NULL,3,47,2,0,1,600.00,NULL,'2017-01-16 00:00:00','2017-01-16 00:00:00','2017-01-16 00:00:00','','Palmas-TO','Transferência on line  16/01 1886 44096-5 MARIA ANTONIA','','2017-02-06 14:05:46',1,NULL),(9,NULL,4,44,2,0,1,220.00,NULL,'2017-01-16 00:00:00','2017-01-16 00:00:00','2017-01-16 00:00:00','11.601','Palmas-TO','TED Transf.Eletr.Disponiv  104 0374 03671245999 FABIO RODRIGO DE','Fábio da unitins pediu para transferir isso pra ele em outra conta.','2017-02-06 14:06:31',1,NULL),(10,NULL,3,47,2,0,1,200.00,NULL,'2017-01-17 00:00:00','2017-01-17 00:00:00','2017-01-17 00:00:00','521.886.000.044.096','Palmas-TO','Transferência on line  17/01 1886 44096-5 MARIA ANTONIA','','2017-02-06 14:07:48',1,NULL),(11,NULL,4,44,2,0,1,100.00,NULL,'2017-01-19 00:00:00','2017-01-19 00:00:00','2017-01-19 00:00:00','11901','Palmas-TO','TED Transf.Eletr.Disponiv  341 0208 03386746160 SAMUEL ALVES DA S','','2017-02-06 14:08:25',1,NULL),(12,NULL,3,48,2,0,1,200.00,NULL,'2017-01-20 00:00:00','2017-01-20 00:00:00','2017-01-20 00:00:00','524.606.000.005.037','Palmas-TO','Transferência on line  20/01 4606 5037-7 VANDERLAINE DE','','2017-02-06 14:09:56',1,NULL),(13,NULL,5,49,2,0,1,5.50,NULL,'2017-01-23 00:00:00','2017-01-23 00:00:00','2017-01-23 00:00:00','620.955','Palmas-TO','Compra com Cartão  23/01 09:36 MINIMERCADO LIMA','','2017-02-06 14:13:55',1,NULL),(14,NULL,5,49,2,0,1,2.92,NULL,'2017-01-25 00:00:00','2017-01-25 00:00:00','2017-01-25 00:00:00','744.023','Palmas-TO','Compra com Cartão  25/01 09:05 SUPERMERCADO ECONOMI','','2017-02-06 14:14:36',1,NULL),(15,NULL,4,44,2,0,1,1500.00,NULL,'2017-01-30 00:00:00','2017-01-30 00:00:00','2017-01-30 00:00:00','13.001','Palmas-TO','TED Transf.Eletr.Disponiv  341 0208 03386746160 SAMUEL ALVES DA S','','2017-02-06 14:15:22',1,NULL),(16,NULL,4,44,2,0,1,200.00,NULL,'2017-02-01 00:00:00','2017-02-01 00:00:00','2017-02-01 00:00:00','523.005.000.045.184','Palmas-TO','Transferência on line  01/02 3005 45184-3 PEDRO HENRIQUE','Pai depoisitou 1000,00 que me devia e somou + 200, totalizando 1200. Sendo que 200 era para transferir para esta pessoa.','2017-02-06 14:17:20',1,NULL),(17,NULL,1,50,2,0,1,30.00,NULL,'2017-02-01 00:00:00','2017-02-01 00:00:00','2017-02-01 00:00:00','601.867.000.045.458','Palmas-TO','Transferência on line  01/02 1867 45458-3 LEYDSON LOPES','','2017-02-06 14:20:16',1,NULL),(18,NULL,1,50,2,0,1,100.00,NULL,'2017-02-01 00:00:00','2017-02-01 00:00:00','2017-02-01 00:00:00','20.101','Palmas-TO','Pagto via Auto-Atend.BB','','2017-02-06 14:21:51',1,NULL),(19,NULL,2,51,2,0,1,70.00,NULL,'2017-02-04 00:00:00','2017-02-06 00:00:00','2017-02-06 00:00:00','601.867.000.041.383','Salão de beleza da Chafya (Palmas-TO)','Transferência  06/02 1867 41383-6 CHAFYA LORENA','','2017-02-06 14:24:36',1,NULL),(20,NULL,4,44,2,0,1,200.00,NULL,'2017-02-04 00:00:00','2017-02-06 00:00:00','2017-02-06 00:00:00','20.601','Palmas-TO','TED Transf.Eletr.Disponiv  341 0208 03386746160 SAMUEL ALVES DA S','Valores do casamento da Carla que passamos na maquininha de cartão. Samuel me devia 100,00, então estou passando pra os 100,00 que ele me devia como uma forma de presente, por assim dizer. Que seria a quantia que passaríamos no cartão.','2017-02-06 14:26:22',1,NULL),(21,NULL,2,52,3,0,1,411.34,NULL,'2017-01-20 00:00:00','2017-01-20 00:00:00','2017-01-20 00:00:00','0000006','Palmas-TO','Pagto Cobranca Unimed Leidy','','2017-02-06 15:45:49',1,NULL),(22,NULL,1,43,4,0,1,65.00,NULL,'2017-01-02 00:00:00','2017-01-02 00:00:00','2017-01-02 00:00:00','0427981','Palmas-TO','Visa Electron Carlos Sant\'anna Advog','','2017-02-06 17:20:08',1,NULL),(23,NULL,1,53,4,0,1,0.07,NULL,'2017-01-03 00:00:00','2017-01-03 00:00:00','2017-01-03 00:00:00','5795936','Palmas-TO','Iof Util Limite','','2017-02-06 17:25:36',1,NULL),(24,NULL,4,44,4,0,1,68.00,NULL,'2017-01-04 00:00:00','2017-01-04 00:00:00','2017-01-04 00:00:00','0200777','Palmas-TO','Visa Electron br Informatica','Acho que foram as compras de cartuchos','2017-02-06 17:26:33',1,NULL),(25,NULL,1,54,4,0,1,0.10,NULL,'2017-01-04 00:00:00','2017-01-04 00:00:00','2017-01-04 00:00:00','5795936','Palmas-TO','Enc Lim Credito Encargo - 07,79%','','2017-02-06 17:27:25',1,NULL),(26,NULL,4,44,4,0,1,10.00,NULL,'2017-01-05 00:00:00','2017-01-05 00:00:00','2017-01-05 00:00:00','0000198','Palmas-TO','Pagto Cobranca l c Consultoria e Planejamentos','','2017-02-06 17:28:16',1,NULL),(27,NULL,4,44,4,0,1,76.00,NULL,'2017-01-10 00:00:00','2017-01-10 00:00:00','2017-01-10 00:00:00','0200902','Palmas-TO','Visa Electron br Informatica','Compra de suprimentos para o escritório, mas que recebi de volta','2017-02-06 17:40:25',1,NULL),(28,NULL,5,49,4,0,1,5.66,NULL,'2017-01-12 00:00:00','2017-01-12 00:00:00','2017-01-12 00:00:00','04156156','Palmas-TO','Visa Electron Minimercado Lima','','2017-02-06 17:42:02',1,NULL),(29,NULL,4,44,4,0,1,32.00,NULL,'2017-01-13 00:00:00','2017-01-13 00:00:00','2017-01-13 00:00:00','0201057','Palmas-TO','Visa Electron br Informatica','','2017-02-06 17:42:30',1,NULL),(30,NULL,5,49,4,0,1,4.12,NULL,'2017-01-13 00:00:00','2017-01-13 00:00:00','2017-01-13 00:00:00','0415684','Palmas-TO','Visa Electron Minimercado Lima','','2017-02-06 17:42:55',1,NULL),(31,NULL,2,55,4,0,1,41.40,NULL,'2017-01-16 00:00:00','2017-01-16 00:00:00','2017-01-16 00:00:00','199','Palmas-TO','Pagto Cobranca Odontoprev S/a','','2017-02-06 17:43:38',1,NULL),(32,NULL,5,49,4,0,1,5.38,NULL,'2017-01-16 00:00:00','2017-01-16 00:00:00','2017-01-16 00:00:00','0415713','Palmas-TO','Visa Electron Minimercado Lima','','2017-02-06 17:44:15',1,NULL),(33,NULL,5,49,4,0,1,4.96,NULL,'2017-01-16 00:00:00','2017-01-16 00:00:00','2017-01-16 00:00:00','0415758','Palmas-TO','Visa Electron Minimercado Lima','','2017-02-06 17:44:34',1,NULL),(34,NULL,3,56,4,0,1,5.00,NULL,'2017-01-16 00:00:00','2017-01-16 00:00:00','2017-01-16 00:00:00','0768095','Palmas-TO','Visa Electron Palmas Chaves','','2017-02-06 17:45:19',1,NULL),(35,NULL,1,57,4,0,1,32.99,NULL,'2017-01-16 00:00:00','2016-12-16 00:00:00','2017-01-16 00:00:00','0206112','Palmas-TO','Conta Telefone Claro co Ddd 61 a 69-2061121','','2017-02-06 18:33:54',1,NULL),(36,NULL,1,58,4,0,1,50.00,NULL,'2017-01-17 00:00:00','2017-01-17 00:00:00','2017-01-17 00:00:00','0000201','Palmas-TO','Pagto Cobranca Pgto Inscricao Catolica','','2017-02-06 18:35:21',1,NULL),(37,NULL,1,43,4,0,1,16.00,NULL,'2017-01-17 00:00:00','2017-01-17 00:00:00','2017-01-17 00:00:00','0717520','Palmas-TO','Visa Electron Palmas','','2017-02-06 18:35:55',1,NULL),(38,NULL,1,42,4,0,1,9.25,NULL,'2017-01-17 00:00:00','2017-01-17 00:00:00','2017-01-17 00:00:00','0805061','Palmas-TO','Visa Electron Adriana Bombons','','2017-02-06 18:36:26',1,NULL),(39,NULL,1,59,4,0,1,37.50,NULL,'2017-01-19 00:00:00','2017-01-19 00:00:00','2017-01-19 00:00:00','200','Palmas-TO','Pagto Cobranca Odontoprev S/a','','2017-02-06 18:37:47',1,NULL),(40,NULL,1,60,4,0,1,10.00,NULL,'2017-01-19 00:00:00','2017-01-19 00:00:00','2017-01-19 00:00:00','0019835','Palmas-TO','Visa Electron Posto Verao','','2017-02-06 18:39:08',1,NULL),(41,NULL,1,60,1,0,1,30.00,NULL,'2017-01-17 00:00:00','2017-01-17 00:00:00','2017-01-17 00:00:00','','Palmas-TO','Visa Electron Posto Verao','','2017-02-06 18:39:26',1,NULL),(42,NULL,5,49,4,0,1,2.88,NULL,'2017-01-19 00:00:00','2017-01-19 00:00:00','2017-01-19 00:00:00','0415850','Palmas-TO','Visa Electron Minimercado Lima','','2017-02-06 18:39:56',1,NULL),(43,NULL,5,49,4,0,1,10.16,NULL,'2017-01-20 00:00:00','2017-01-20 00:00:00','2017-01-20 00:00:00','0200189','Atacadão Palmas','Visa Electron Atadacao 090 as','','2017-02-06 18:40:44',1,NULL),(44,NULL,4,44,4,0,1,159.79,NULL,'2017-01-20 00:00:00','2017-01-20 00:00:00','2017-01-20 00:00:00','0200914','Palmas-TO','Visa Electron Atadacao 090 as','Mãe usou meu cartão, mas o pai me transferiu.','2017-02-06 18:41:22',1,NULL),(45,NULL,1,50,4,0,1,185.50,NULL,'2017-01-30 00:00:00','2017-01-30 00:00:00','2017-01-30 00:00:00','4550159','Palmas-TO','Pgto Elet Trib Internet B-dpvat-segur.lider','','2017-02-06 18:42:11',1,NULL),(46,NULL,1,50,4,0,1,182.31,NULL,'2017-01-30 00:00:00','2017-01-30 00:00:00','2017-01-30 00:00:00','4770050','Palmas-TO','Pgto Elet Trib Internet B-to-detran','Licenciamento moto','2017-02-06 18:42:49',1,NULL),(47,NULL,1,61,4,0,1,189.74,1,'2015-03-08 00:00:00','2015-03-08 00:00:00','2015-03-08 00:00:00','','Palmas-TO','Emprestimo pessoal (Compra do Gol)','','2017-02-06 18:48:55',1,59),(48,47,1,61,4,0,1,189.74,2,'2015-03-08 00:00:00','2015-04-08 00:00:00','2015-04-08 00:00:00','','Palmas-TO','Emprestimo pessoal (Compra do Gol)','','2017-02-06 18:48:55',1,59),(49,47,1,61,4,0,1,189.74,3,'2015-03-08 00:00:00','2015-05-08 00:00:00','2015-05-08 00:00:00','','Palmas-TO','Emprestimo pessoal (Compra do Gol)','','2017-02-06 18:48:55',1,59),(50,47,1,61,4,0,1,189.74,4,'2015-03-08 00:00:00','2015-06-08 00:00:00','2015-06-08 00:00:00','','Palmas-TO','Emprestimo pessoal (Compra do Gol)','','2017-02-06 18:48:55',1,59),(51,47,1,61,4,0,1,189.74,5,'2015-03-08 00:00:00','2015-07-08 00:00:00','2015-07-08 00:00:00','','Palmas-TO','Emprestimo pessoal (Compra do Gol)','','2017-02-06 18:48:55',1,59),(52,47,1,61,4,0,1,189.74,6,'2015-03-08 00:00:00','2015-08-08 00:00:00','2015-08-08 00:00:00','','Palmas-TO','Emprestimo pessoal (Compra do Gol)','','2017-02-06 18:48:55',1,59),(53,47,1,61,4,0,1,189.74,7,'2015-03-08 00:00:00','2015-09-08 00:00:00','2015-09-08 00:00:00','','Palmas-TO','Emprestimo pessoal (Compra do Gol)','','2017-02-06 18:48:55',1,59),(54,47,1,61,4,0,1,189.74,8,'2015-03-08 00:00:00','2015-10-08 00:00:00','2015-10-08 00:00:00','','Palmas-TO','Emprestimo pessoal (Compra do Gol)','','2017-02-06 18:48:55',1,59),(55,47,1,61,4,0,1,189.74,9,'2015-03-08 00:00:00','2015-11-08 00:00:00','2015-11-08 00:00:00','','Palmas-TO','Emprestimo pessoal (Compra do Gol)','','2017-02-06 18:48:55',1,59),(56,47,1,61,4,0,1,189.74,10,'2015-03-08 00:00:00','2015-12-08 00:00:00','2015-12-08 00:00:00','','Palmas-TO','Emprestimo pessoal (Compra do Gol)','','2017-02-06 18:48:55',1,59),(57,47,1,61,4,0,1,189.74,11,'2015-03-08 00:00:00','2016-01-08 00:00:00','2016-01-08 00:00:00','','Palmas-TO','Emprestimo pessoal (Compra do Gol)','','2017-02-06 18:48:55',1,59),(58,47,1,61,4,0,1,189.74,12,'2015-03-08 00:00:00','2016-02-08 00:00:00','2016-02-08 00:00:00','','Palmas-TO','Emprestimo pessoal (Compra do Gol)','','2017-02-06 18:48:55',1,59),(59,47,1,61,4,0,1,189.74,13,'2015-03-08 00:00:00','2016-03-08 00:00:00','2016-03-08 00:00:00','','Palmas-TO','Emprestimo pessoal (Compra do Gol)','','2017-02-06 18:48:55',1,59),(60,47,1,61,4,0,1,189.74,14,'2015-03-08 00:00:00','2016-04-08 00:00:00','2016-04-08 00:00:00','','Palmas-TO','Emprestimo pessoal (Compra do Gol)','','2017-02-06 18:48:55',1,59),(61,47,1,61,4,0,1,189.74,15,'2015-03-08 00:00:00','2016-05-08 00:00:00','2016-05-08 00:00:00','','Palmas-TO','Emprestimo pessoal (Compra do Gol)','','2017-02-06 18:48:55',1,59),(62,47,1,61,4,0,1,189.74,16,'2015-03-08 00:00:00','2016-06-08 00:00:00','2016-06-08 00:00:00','','Palmas-TO','Emprestimo pessoal (Compra do Gol)','','2017-02-06 18:48:55',1,59),(63,47,1,61,4,0,1,189.74,17,'2015-03-08 00:00:00','2016-07-08 00:00:00','2016-07-08 00:00:00','','Palmas-TO','Emprestimo pessoal (Compra do Gol)','','2017-02-06 18:48:55',1,59),(64,47,1,61,4,0,1,189.74,18,'2015-03-08 00:00:00','2016-08-08 00:00:00','2016-08-08 00:00:00','','Palmas-TO','Emprestimo pessoal (Compra do Gol)','','2017-02-06 18:48:55',1,59),(65,47,1,61,4,0,1,189.74,19,'2015-03-08 00:00:00','2016-09-08 00:00:00','2016-09-08 00:00:00','','Palmas-TO','Emprestimo pessoal (Compra do Gol)','','2017-02-06 18:48:55',1,59),(66,47,1,61,4,0,1,189.74,20,'2015-03-08 00:00:00','2016-10-08 00:00:00','2016-10-08 00:00:00','','Palmas-TO','Emprestimo pessoal (Compra do Gol)','','2017-02-06 18:48:55',1,59),(67,47,1,61,4,0,1,189.74,21,'2015-03-08 00:00:00','2016-11-08 00:00:00','2016-11-08 00:00:00','','Palmas-TO','Emprestimo pessoal (Compra do Gol)','','2017-02-06 18:48:55',1,59),(68,47,1,61,4,0,1,189.74,22,'2015-03-08 00:00:00','2016-12-08 00:00:00','2016-12-08 00:00:00','','Palmas-TO','Emprestimo pessoal (Compra do Gol)','','2017-02-06 18:48:55',1,59),(69,47,1,61,4,0,1,189.74,23,'2015-03-08 00:00:00','2017-01-08 00:00:00','2017-01-08 00:00:00','','Palmas-TO','Emprestimo pessoal (Compra do Gol)','','2017-02-06 18:48:55',1,59),(70,47,1,61,4,0,1,193.94,24,'2015-03-08 00:00:00','2017-02-08 00:00:00','2017-02-10 00:00:00','','Palmas-TO','Emprestimo pessoal (Compra do Gol)','','2017-02-06 18:48:55',1,59),(71,47,1,61,4,0,0,189.74,25,'2015-03-08 00:00:00','2017-03-08 00:00:00','2017-03-08 00:00:00','','Palmas-TO','Emprestimo pessoal (Compra do Gol)','','2017-02-06 18:48:55',1,59),(72,47,1,61,4,0,0,189.74,26,'2015-03-08 00:00:00','2017-04-08 00:00:00','2017-04-08 00:00:00','','Palmas-TO','Emprestimo pessoal (Compra do Gol)','','2017-02-06 18:48:55',1,59),(73,47,1,61,4,0,0,189.74,27,'2015-03-08 00:00:00','2017-05-08 00:00:00','2017-05-08 00:00:00','','Palmas-TO','Emprestimo pessoal (Compra do Gol)','','2017-02-06 18:48:55',1,59),(74,47,1,61,4,0,0,189.74,28,'2015-03-08 00:00:00','2017-06-08 00:00:00','2017-06-08 00:00:00','','Palmas-TO','Emprestimo pessoal (Compra do Gol)','','2017-02-06 18:48:55',1,59),(75,47,1,61,4,0,0,189.74,29,'2015-03-08 00:00:00','2017-07-08 00:00:00','2017-07-08 00:00:00','','Palmas-TO','Emprestimo pessoal (Compra do Gol)','','2017-02-06 18:48:55',1,59),(76,47,1,61,4,0,0,189.74,30,'2015-03-08 00:00:00','2017-08-08 00:00:00','2017-08-08 00:00:00','','Palmas-TO','Emprestimo pessoal (Compra do Gol)','','2017-02-06 18:48:55',1,59),(77,47,1,61,4,0,0,189.74,31,'2015-03-08 00:00:00','2017-09-08 00:00:00','2017-09-08 00:00:00','','Palmas-TO','Emprestimo pessoal (Compra do Gol)','','2017-02-06 18:48:55',1,59),(78,47,1,61,4,0,0,189.74,32,'2015-03-08 00:00:00','2017-10-08 00:00:00','2017-10-08 00:00:00','','Palmas-TO','Emprestimo pessoal (Compra do Gol)','','2017-02-06 18:48:55',1,59),(79,47,1,61,4,0,0,189.74,33,'2015-03-08 00:00:00','2017-11-08 00:00:00','2017-11-08 00:00:00','','Palmas-TO','Emprestimo pessoal (Compra do Gol)','','2017-02-06 18:48:55',1,59),(80,47,1,61,4,0,0,189.74,34,'2015-03-08 00:00:00','2017-12-08 00:00:00','2017-12-08 00:00:00','','Palmas-TO','Emprestimo pessoal (Compra do Gol)','','2017-02-06 18:48:55',1,59),(81,47,1,61,4,0,0,189.74,35,'2015-03-08 00:00:00','2018-01-08 00:00:00','2018-01-08 00:00:00','','Palmas-TO','Emprestimo pessoal (Compra do Gol)','','2017-02-06 18:48:55',1,59),(82,47,1,61,4,0,0,189.74,36,'2015-03-08 00:00:00','2018-02-08 00:00:00','2018-02-08 00:00:00','','Palmas-TO','Emprestimo pessoal (Compra do Gol)','','2017-02-06 18:48:55',1,59),(83,47,1,61,4,0,0,189.74,37,'2015-03-08 00:00:00','2018-03-08 00:00:00','2018-03-08 00:00:00','','Palmas-TO','Emprestimo pessoal (Compra do Gol)','','2017-02-06 18:48:55',1,59),(84,47,1,61,4,0,0,189.74,38,'2015-03-08 00:00:00','2018-04-08 00:00:00','2018-04-08 00:00:00','','Palmas-TO','Emprestimo pessoal (Compra do Gol)','','2017-02-06 18:48:55',1,59),(85,47,1,61,4,0,0,189.74,39,'2015-03-08 00:00:00','2018-05-08 00:00:00','2018-05-08 00:00:00','','Palmas-TO','Emprestimo pessoal (Compra do Gol)','','2017-02-06 18:48:55',1,59),(86,47,1,61,4,0,0,189.74,40,'2015-03-08 00:00:00','2018-06-08 00:00:00','2018-06-08 00:00:00','','Palmas-TO','Emprestimo pessoal (Compra do Gol)','','2017-02-06 18:48:55',1,59),(87,47,1,61,4,0,0,189.74,41,'2015-03-08 00:00:00','2018-07-08 00:00:00','2018-07-08 00:00:00','','Palmas-TO','Emprestimo pessoal (Compra do Gol)','','2017-02-06 18:48:55',1,59),(88,47,1,61,4,0,0,189.74,42,'2015-03-08 00:00:00','2018-08-08 00:00:00','2018-08-08 00:00:00','','Palmas-TO','Emprestimo pessoal (Compra do Gol)','','2017-02-06 18:48:55',1,59),(89,47,1,61,4,0,0,189.74,43,'2015-03-08 00:00:00','2018-09-08 00:00:00','2018-09-08 00:00:00','','Palmas-TO','Emprestimo pessoal (Compra do Gol)','','2017-02-06 18:48:55',1,59),(90,47,1,61,4,0,0,189.74,44,'2015-03-08 00:00:00','2018-10-08 00:00:00','2018-10-08 00:00:00','','Palmas-TO','Emprestimo pessoal (Compra do Gol)','','2017-02-06 18:48:55',1,59),(91,47,1,61,4,0,0,189.74,45,'2015-03-08 00:00:00','2018-11-08 00:00:00','2018-11-08 00:00:00','','Palmas-TO','Emprestimo pessoal (Compra do Gol)','','2017-02-06 18:48:55',1,59),(92,47,1,61,4,0,0,189.74,46,'2015-03-08 00:00:00','2018-12-08 00:00:00','2018-12-08 00:00:00','','Palmas-TO','Emprestimo pessoal (Compra do Gol)','','2017-02-06 18:48:55',1,59),(93,47,1,61,4,0,0,189.74,47,'2015-03-08 00:00:00','2019-01-08 00:00:00','2019-01-08 00:00:00','','Palmas-TO','Emprestimo pessoal (Compra do Gol)','','2017-02-06 18:48:55',1,59),(94,47,1,61,4,0,0,189.74,48,'2015-03-08 00:00:00','2019-02-08 00:00:00','2019-02-08 00:00:00','','Palmas-TO','Emprestimo pessoal (Compra do Gol)','','2017-02-06 18:48:55',1,59),(95,47,1,61,4,0,0,189.74,49,'2015-03-08 00:00:00','2019-03-08 00:00:00','2019-03-08 00:00:00','','Palmas-TO','Emprestimo pessoal (Compra do Gol)','','2017-02-06 18:48:55',1,59),(96,47,1,61,4,0,0,189.74,50,'2015-03-08 00:00:00','2019-04-08 00:00:00','2019-04-08 00:00:00','','Palmas-TO','Emprestimo pessoal (Compra do Gol)','','2017-02-06 18:48:55',1,59),(97,47,1,61,4,0,0,189.74,51,'2015-03-08 00:00:00','2019-05-08 00:00:00','2019-05-08 00:00:00','','Palmas-TO','Emprestimo pessoal (Compra do Gol)','','2017-02-06 18:48:55',1,59),(98,47,1,61,4,0,0,189.74,52,'2015-03-08 00:00:00','2019-06-08 00:00:00','2019-06-08 00:00:00','','Palmas-TO','Emprestimo pessoal (Compra do Gol)','','2017-02-06 18:48:55',1,59),(99,47,1,61,4,0,0,189.74,53,'2015-03-08 00:00:00','2019-07-08 00:00:00','2019-07-08 00:00:00','','Palmas-TO','Emprestimo pessoal (Compra do Gol)','','2017-02-06 18:48:55',1,59),(100,47,1,61,4,0,0,189.74,54,'2015-03-08 00:00:00','2019-08-08 00:00:00','2019-08-08 00:00:00','','Palmas-TO','Emprestimo pessoal (Compra do Gol)','','2017-02-06 18:48:55',1,59),(101,47,1,61,4,0,0,189.74,55,'2015-03-08 00:00:00','2019-09-08 00:00:00','2019-09-08 00:00:00','','Palmas-TO','Emprestimo pessoal (Compra do Gol)','','2017-02-06 18:48:55',1,59),(102,47,1,61,4,0,0,189.74,56,'2015-03-08 00:00:00','2019-10-08 00:00:00','2019-10-08 00:00:00','','Palmas-TO','Emprestimo pessoal (Compra do Gol)','','2017-02-06 18:48:55',1,59),(103,47,1,61,4,0,0,189.74,57,'2015-03-08 00:00:00','2019-11-08 00:00:00','2019-11-08 00:00:00','','Palmas-TO','Emprestimo pessoal (Compra do Gol)','','2017-02-06 18:48:55',1,59),(104,47,1,61,4,0,0,189.74,58,'2015-03-08 00:00:00','2019-12-08 00:00:00','2019-12-08 00:00:00','','Palmas-TO','Emprestimo pessoal (Compra do Gol)','','2017-02-06 18:48:55',1,59),(105,47,1,61,4,0,0,189.74,59,'2015-03-08 00:00:00','2020-01-08 00:00:00','2020-01-08 00:00:00','','Palmas-TO','Emprestimo pessoal (Compra do Gol)','','2017-02-06 18:48:55',1,59),(106,NULL,1,62,4,0,1,533.07,1,'2015-09-21 00:00:00','2015-09-21 00:00:00','2015-09-21 00:00:00','','Palmas-TO','Financiamento Corolla','','2017-02-06 18:54:44',1,24),(107,106,1,62,4,0,1,533.07,2,'2015-09-21 00:00:00','2015-10-21 00:00:00','2015-10-21 00:00:00','','Palmas-TO','Financiamento Corolla','','2017-02-06 18:54:44',1,24),(108,106,1,62,4,0,1,533.07,3,'2015-09-21 00:00:00','2015-11-21 00:00:00','2015-11-21 00:00:00','','Palmas-TO','Financiamento Corolla','','2017-02-06 18:54:44',1,24),(109,106,1,62,4,0,1,533.07,4,'2015-09-21 00:00:00','2015-12-21 00:00:00','2015-12-21 00:00:00','','Palmas-TO','Financiamento Corolla','','2017-02-06 18:54:44',1,24),(110,106,1,62,4,0,1,533.07,5,'2015-09-21 00:00:00','2016-01-21 00:00:00','2016-01-21 00:00:00','','Palmas-TO','Financiamento Corolla','','2017-02-06 18:54:44',1,24),(111,106,1,62,4,0,1,533.07,6,'2015-09-21 00:00:00','2016-02-21 00:00:00','2016-02-21 00:00:00','','Palmas-TO','Financiamento Corolla','','2017-02-06 18:54:44',1,24),(112,106,1,62,4,0,1,533.07,7,'2015-09-21 00:00:00','2016-03-21 00:00:00','2016-03-21 00:00:00','','Palmas-TO','Financiamento Corolla','','2017-02-06 18:54:44',1,24),(113,106,1,62,4,0,1,533.07,8,'2015-09-21 00:00:00','2016-04-21 00:00:00','2016-04-21 00:00:00','','Palmas-TO','Financiamento Corolla','','2017-02-06 18:54:44',1,24),(114,106,1,62,4,0,1,533.07,9,'2015-09-21 00:00:00','2016-05-21 00:00:00','2016-05-21 00:00:00','','Palmas-TO','Financiamento Corolla','','2017-02-06 18:54:44',1,24),(115,106,1,62,4,0,1,533.07,10,'2015-09-21 00:00:00','2016-06-21 00:00:00','2016-06-21 00:00:00','','Palmas-TO','Financiamento Corolla','','2017-02-06 18:54:44',1,24),(116,106,1,62,4,0,1,533.07,11,'2015-09-21 00:00:00','2016-07-21 00:00:00','2016-07-21 00:00:00','','Palmas-TO','Financiamento Corolla','','2017-02-06 18:54:44',1,24),(117,106,1,62,4,0,1,533.07,12,'2015-09-21 00:00:00','2016-08-21 00:00:00','2016-08-21 00:00:00','','Palmas-TO','Financiamento Corolla','','2017-02-06 18:54:44',1,24),(118,106,1,62,4,0,1,533.07,13,'2015-09-21 00:00:00','2016-09-21 00:00:00','2016-09-21 00:00:00','','Palmas-TO','Financiamento Corolla','','2017-02-06 18:54:44',1,24),(119,106,1,62,4,0,1,533.07,14,'2015-09-21 00:00:00','2016-10-21 00:00:00','2016-10-21 00:00:00','','Palmas-TO','Financiamento Corolla','','2017-02-06 18:54:44',1,24),(120,106,1,62,4,0,1,533.07,15,'2015-09-21 00:00:00','2016-11-21 00:00:00','2016-11-21 00:00:00','','Palmas-TO','Financiamento Corolla','','2017-02-06 18:54:44',1,24),(121,106,1,62,4,0,1,533.07,16,'2015-09-21 00:00:00','2016-12-21 00:00:00','2016-12-21 00:00:00','','Palmas-TO','Financiamento Corolla','','2017-02-06 18:54:44',1,24),(122,106,1,62,4,0,1,533.07,17,'2015-09-21 00:00:00','2017-01-21 00:00:00','2017-01-21 00:00:00','','Palmas-TO','Financiamento Corolla','','2017-02-06 18:54:44',1,24),(123,106,1,62,4,0,1,533.07,18,'2015-09-21 00:00:00','2017-02-21 00:00:00','2017-02-20 00:00:00','','Palmas-TO','Financiamento Corolla','','2017-02-06 18:54:44',1,24),(124,106,1,62,4,0,0,533.07,19,'2015-09-21 00:00:00','2017-03-21 00:00:00','2017-03-21 00:00:00','','Palmas-TO','Financiamento Corolla','','2017-02-06 18:54:44',1,24),(125,106,1,62,4,0,0,533.07,20,'2015-09-21 00:00:00','2017-04-21 00:00:00','2017-04-21 00:00:00','','Palmas-TO','Financiamento Corolla','','2017-02-06 18:54:44',1,24),(126,106,1,62,4,0,0,533.07,21,'2015-09-21 00:00:00','2017-05-21 00:00:00','2017-05-21 00:00:00','','Palmas-TO','Financiamento Corolla','','2017-02-06 18:54:44',1,24),(127,106,1,62,4,0,0,533.07,22,'2015-09-21 00:00:00','2017-06-21 00:00:00','2017-06-21 00:00:00','','Palmas-TO','Financiamento Corolla','','2017-02-06 18:54:44',1,24),(128,106,1,62,4,0,0,533.07,23,'2015-09-21 00:00:00','2017-07-21 00:00:00','2017-07-21 00:00:00','','Palmas-TO','Financiamento Corolla','','2017-02-06 18:54:44',1,24),(129,106,1,62,4,0,0,533.07,24,'2015-09-21 00:00:00','2017-08-21 00:00:00','2017-08-21 00:00:00','','Palmas-TO','Financiamento Corolla','','2017-02-06 18:54:44',1,24),(130,NULL,2,63,6,0,1,50.00,NULL,'2017-01-02 00:00:00','2017-01-02 00:00:00','2017-02-10 00:00:00','','Palmas-TO','Petrolider','','2017-02-08 14:04:01',1,NULL),(131,NULL,2,64,6,0,1,44.50,NULL,'2016-12-01 00:00:00','2017-02-03 00:00:00','2017-02-10 00:00:00','','Palmas-TO','Floramed 2/2','','2017-02-08 14:07:16',1,NULL),(132,NULL,2,65,6,0,1,72.84,NULL,'2017-01-04 00:00:00','2017-01-04 00:00:00','2017-02-10 00:00:00','','Palmas-TO','Casa das Essencias','','2017-02-08 14:08:16',1,NULL),(133,NULL,2,63,6,0,1,50.00,NULL,'2017-01-04 00:00:00','2017-01-04 00:00:00','2017-02-10 00:00:00','','Palmas-TO','Petrolider','','2017-02-08 14:27:22',1,NULL),(134,NULL,5,49,6,0,1,10.28,NULL,'2017-01-05 00:00:00','2017-01-05 00:00:00','2017-02-10 00:00:00','','Palmas-TO','Supermercado Economico','','2017-02-08 14:28:43',1,NULL),(136,NULL,5,49,6,0,1,10.68,NULL,'2017-01-06 00:00:00','2017-01-06 00:00:00','2017-02-10 00:00:00','','Palmas-TO','Supermercado Economico','','2017-02-08 14:29:45',1,NULL),(137,NULL,5,49,6,0,1,32.34,NULL,'2017-01-09 00:00:00','2017-01-09 00:00:00','2017-02-10 00:00:00','','Palmas-TO','Extra Palmas','','2017-02-08 14:30:14',1,NULL),(138,NULL,3,66,6,0,1,78.00,NULL,'2017-01-10 00:00:00','2017-01-10 00:00:00','2017-02-10 00:00:00','','Palmas-TO','M K Embalagens','','2017-02-08 14:32:03',1,NULL),(139,NULL,5,49,6,0,1,24.96,NULL,'2017-01-11 00:00:00','2017-01-11 00:00:00','2017-02-10 00:00:00','','Palmas-TO','Superbig Supermercado','','2017-02-08 14:56:36',1,NULL),(140,NULL,2,43,6,0,1,91.50,1,'2017-01-12 00:00:00','2017-01-12 00:00:00','2017-02-10 00:00:00','','','Jamjoy Viacao 1/2','','2017-02-08 14:58:14',1,2),(141,140,2,43,6,0,0,91.50,2,'2017-01-12 00:00:00','2017-03-10 00:00:00','2017-03-10 00:00:00','','','Jamjoy Viacao 1/2','','2017-02-08 14:58:15',1,2),(142,NULL,2,43,6,0,1,27.20,NULL,'2017-01-13 00:00:00','2017-01-13 00:00:00','2017-02-10 00:00:00','','Palmas-TO','Casa Fatima Armarinhos','','2017-02-08 14:59:10',1,NULL),(143,NULL,2,43,6,0,1,21.20,NULL,'2017-01-16 00:00:00','2017-01-16 00:00:00','2017-02-10 00:00:00','','Palmas-TO','Laco Chic','','2017-02-08 14:59:33',1,NULL),(144,NULL,2,67,6,0,1,41.00,NULL,'2017-01-16 00:00:00','2017-01-16 00:00:00','2017-02-10 00:00:00','','Palmas-TO','Elaine Negre Sanches','','2017-02-08 15:01:32',1,NULL),(145,NULL,2,43,6,0,1,22.40,NULL,'2017-01-17 00:00:00','2017-01-17 00:00:00','2017-02-10 00:00:00','','Palmas-TO','Tindolele Festas','','2017-02-08 15:02:05',1,NULL),(146,NULL,2,43,6,0,1,50.00,NULL,'2017-01-17 00:00:00','2017-01-17 00:00:00','2017-02-10 00:00:00','','Palmas-TO','Laco Chic','','2017-02-08 15:03:56',1,NULL),(147,NULL,2,43,6,0,1,9.75,NULL,'2017-01-18 00:00:00','2017-01-18 00:00:00','2017-02-10 00:00:00','','Palmas-TO','Js Papelaria','','2017-02-08 15:04:56',1,NULL),(148,NULL,5,49,6,0,1,3.99,NULL,'2017-01-23 00:00:00','2017-01-23 00:00:00','2017-02-10 00:00:00','','Palmas-TO','Supermercado Economico','','2017-02-08 15:05:28',1,NULL),(149,NULL,2,43,6,0,1,49.99,NULL,'2017-01-23 00:00:00','2017-01-23 00:00:00','2017-02-10 00:00:00','','Palmas-TO','Studio Z','','2017-02-08 15:05:50',1,NULL),(150,NULL,2,67,6,0,1,20.00,NULL,'2017-01-23 00:00:00','2017-01-23 00:00:00','2017-02-10 00:00:00','','Palmas-TO','Elaine Negre Sanches','','2017-02-08 15:06:23',1,NULL),(151,NULL,5,49,6,0,1,16.69,NULL,'2017-01-24 00:00:00','2017-01-24 00:00:00','2017-02-10 00:00:00','','Palmas-TO','Peg Pag Real','','2017-02-08 15:06:43',1,NULL),(152,NULL,2,42,6,0,1,22.00,NULL,'2017-01-25 00:00:00','2017-01-25 00:00:00','2017-02-10 00:00:00','','Palmas-TO','Bob S','','2017-02-08 15:07:37',1,NULL),(153,NULL,2,43,6,0,1,78.90,NULL,'2017-01-25 00:00:00','2017-01-25 00:00:00','2017-02-10 00:00:00','','Palmas-TO','Glamour Fashion','','2017-02-08 15:08:09',1,NULL),(154,NULL,5,49,6,0,1,33.50,NULL,'2017-01-27 00:00:00','2017-01-27 00:00:00','2017-02-10 00:00:00','','Palmas-TO','Peg Pag Real','','2017-02-08 15:08:31',1,NULL),(155,NULL,2,43,6,0,1,12.00,NULL,'2017-01-27 00:00:00','2017-01-27 00:00:00','2017-02-10 00:00:00','','Palmas-TO','Wj Comercio','','2017-02-08 15:09:02',1,NULL),(156,NULL,5,68,6,0,1,22.90,NULL,'2017-01-31 00:00:00','2017-01-31 00:00:00','2017-02-10 00:00:00','','Palmas-TO','Netflix Com','','2017-02-08 15:10:23',1,NULL),(157,NULL,2,42,6,0,1,18.99,NULL,'2017-02-01 00:00:00','2017-02-01 00:00:00','2017-02-10 00:00:00','','Palmas-TO','Rest Seara','','2017-02-08 15:10:48',1,NULL),(158,NULL,2,43,6,0,1,93.00,NULL,'2017-02-01 00:00:00','2017-02-01 00:00:00','2017-02-10 00:00:00','','Palmas-TO','Siqueira Silva Locacao','','2017-02-08 15:11:16',1,NULL),(159,NULL,2,43,6,0,1,25.00,NULL,'2017-02-01 00:00:00','2017-02-01 00:00:00','2017-02-10 00:00:00','','Palmas-TO','Vidracaria Capital','','2017-02-08 15:12:56',1,NULL),(160,NULL,2,63,6,0,1,50.00,NULL,'2017-02-01 00:00:00','2017-02-01 00:00:00','2017-02-10 00:00:00','','Palmas-TO','Petrolider Iii','','2017-02-08 15:13:19',1,NULL),(199,NULL,1,71,5,0,1,249.91,1,'2016-05-24 00:00:00','2016-05-24 00:00:00','2016-07-10 00:00:00','','Site da Apple','A APPLE ONLINE STORE B','','2017-02-10 17:31:39',1,12),(200,199,1,71,5,0,1,249.91,2,'2016-05-24 00:00:00','2016-08-10 00:00:00','2016-08-10 00:00:00','','Site da Apple','A APPLE ONLINE STORE B','','2017-02-10 17:31:39',1,12),(201,199,1,71,5,0,1,249.91,3,'2016-05-24 00:00:00','2016-09-10 00:00:00','2016-09-10 00:00:00','','Site da Apple','A APPLE ONLINE STORE B','','2017-02-10 17:31:39',1,12),(202,199,1,71,5,0,1,249.91,4,'2016-05-24 00:00:00','2016-10-10 00:00:00','2016-10-10 00:00:00','','Site da Apple','A APPLE ONLINE STORE B','','2017-02-10 17:31:39',1,12),(203,199,1,71,5,0,1,249.91,5,'2016-05-24 00:00:00','2016-11-10 00:00:00','2016-11-10 00:00:00','','Site da Apple','A APPLE ONLINE STORE B','','2017-02-10 17:31:39',1,12),(204,199,1,71,5,0,1,249.91,6,'2016-05-24 00:00:00','2016-12-10 00:00:00','2016-12-10 00:00:00','','Site da Apple','A APPLE ONLINE STORE B','','2017-02-10 17:31:39',1,12),(205,199,1,71,5,0,1,249.91,7,'2016-05-24 00:00:00','2017-01-10 00:00:00','2017-01-10 00:00:00','','Site da Apple','A APPLE ONLINE STORE B','','2017-02-10 17:31:39',1,12),(206,199,1,71,5,0,1,249.91,8,'2016-05-24 00:00:00','2017-02-10 00:00:00','2017-02-10 00:00:00','','Site da Apple','A APPLE ONLINE STORE B','','2017-02-10 17:31:39',1,12),(207,199,1,71,5,0,0,249.91,9,'2016-05-24 00:00:00','2017-03-10 00:00:00','2017-03-10 00:00:00','','Site da Apple','A APPLE ONLINE STORE B','','2017-02-10 17:31:39',1,12),(208,199,1,71,5,0,0,249.91,10,'2016-05-24 00:00:00','2017-04-10 00:00:00','2017-04-10 00:00:00','','Site da Apple','A APPLE ONLINE STORE B','','2017-02-10 17:31:39',1,12),(209,199,1,71,5,0,0,249.91,11,'2016-05-24 00:00:00','2017-05-10 00:00:00','2017-05-10 00:00:00','','Site da Apple','A APPLE ONLINE STORE B','','2017-02-10 17:31:39',1,12),(210,199,1,71,5,0,0,249.91,12,'2016-05-24 00:00:00','2017-06-10 00:00:00','2017-06-10 00:00:00','','Site da Apple','A APPLE ONLINE STORE B','','2017-02-10 17:31:39',1,12),(211,NULL,5,72,5,0,1,60.00,1,'2017-09-27 00:00:00','2017-09-27 00:00:00','2016-11-10 00:00:00','','Marcelo da Ração','DISTRIBUIDORA KURING','','2017-02-10 17:34:31',1,4),(212,211,5,72,5,0,1,60.00,2,'2017-09-27 00:00:00','2016-12-10 00:00:00','2016-12-10 00:00:00','','Marcelo da Ração','DISTRIBUIDORA KURING','','2017-02-10 17:34:31',1,4),(213,211,5,72,5,0,1,60.00,3,'2017-09-27 00:00:00','2017-01-10 00:00:00','2017-01-10 00:00:00','','Marcelo da Ração','DISTRIBUIDORA KURING','','2017-02-10 17:34:31',1,4),(214,211,5,72,5,0,1,60.00,4,'2017-09-27 00:00:00','2017-02-10 00:00:00','2017-02-10 00:00:00','','Marcelo da Ração','DISTRIBUIDORA KURING','','2017-02-10 17:34:31',1,4),(215,NULL,5,73,5,0,1,188.60,1,'2016-12-07 00:00:00','2016-12-07 00:00:00','2017-01-10 00:00:00','','Palmas - Zum automotiva','ZUM AUTOMOTIVA','','2017-02-10 17:40:54',1,5),(216,215,5,73,5,0,1,188.60,2,'2016-12-07 00:00:00','2017-02-10 00:00:00','2017-02-10 00:00:00','','Palmas - Zum automotiva','ZUM AUTOMOTIVA','','2017-02-10 17:40:54',1,5),(217,215,5,73,5,0,0,188.60,3,'2016-12-07 00:00:00','2017-03-10 00:00:00','2017-03-10 00:00:00','','Palmas - Zum automotiva','ZUM AUTOMOTIVA','','2017-02-10 17:40:54',1,5),(218,215,5,73,5,0,0,188.60,4,'2016-12-07 00:00:00','2017-04-10 00:00:00','2017-04-10 00:00:00','','Palmas - Zum automotiva','ZUM AUTOMOTIVA','','2017-02-10 17:40:54',1,5),(219,215,5,73,5,0,0,188.60,5,'2016-12-07 00:00:00','2017-05-10 00:00:00','2017-05-10 00:00:00','','Palmas - Zum automotiva','ZUM AUTOMOTIVA','','2017-02-10 17:40:54',1,5),(220,NULL,5,74,5,0,1,10.00,1,'2016-12-17 00:00:00','2016-12-17 00:00:00','2017-01-10 00:00:00','','Ricardo Eletro Anápolis','RICARDO ELETRO','','2017-02-10 17:42:36',1,3),(221,220,5,74,5,0,1,10.00,2,'2016-12-17 00:00:00','2017-02-10 00:00:00','2017-02-10 00:00:00','','Ricardo Eletro Anápolis','RICARDO ELETRO','','2017-02-10 17:42:36',1,3),(222,220,5,74,5,0,0,10.00,3,'2016-12-17 00:00:00','2017-03-10 00:00:00','2017-03-10 00:00:00','','Ricardo Eletro Anápolis','RICARDO ELETRO','','2017-02-10 17:42:36',1,3),(223,NULL,1,75,5,0,1,34.99,1,'2016-12-21 00:00:00','2016-12-21 00:00:00','2017-01-10 00:00:00','','Loja em Anápolis','NORUEGA COMERCIO DE CA','','2017-02-10 17:45:48',1,2),(224,223,1,75,5,0,1,34.99,2,'2016-12-21 00:00:00','2017-02-10 00:00:00','2017-02-10 00:00:00','','Loja em Anápolis','NORUEGA COMERCIO DE CA','','2017-02-10 17:45:48',1,2),(225,NULL,5,49,5,0,1,11.20,NULL,'2016-12-31 00:00:00','2016-12-31 00:00:00','2017-02-10 00:00:00','','Palmas-TO','Peg Pag Real','','2017-02-10 17:46:22',1,NULL),(227,NULL,1,77,5,0,1,54.10,1,'2016-12-31 00:00:00','2016-12-31 00:00:00','2017-02-10 00:00:00','','Mercado Livre','MERCADOPAGO (Fonte do mac)','Compra da fonte do macbook','2017-02-10 17:50:31',1,6),(228,227,1,77,5,0,0,54.10,2,'2016-12-31 00:00:00','2017-03-10 00:00:00','2017-03-10 00:00:00','','Mercado Livre','MERCADOPAGO (Fonte do mac)','Compra da fonte do macbook','2017-02-10 17:50:31',1,6),(229,227,1,77,5,0,0,54.10,3,'2016-12-31 00:00:00','2017-04-10 00:00:00','2017-04-10 00:00:00','','Mercado Livre','MERCADOPAGO (Fonte do mac)','Compra da fonte do macbook','2017-02-10 17:50:31',1,6),(230,227,1,77,5,0,0,54.10,4,'2016-12-31 00:00:00','2017-05-10 00:00:00','2017-05-10 00:00:00','','Mercado Livre','MERCADOPAGO (Fonte do mac)','Compra da fonte do macbook','2017-02-10 17:50:31',1,6),(231,227,1,77,5,0,0,54.10,5,'2016-12-31 00:00:00','2017-06-10 00:00:00','2017-06-10 00:00:00','','Mercado Livre','MERCADOPAGO (Fonte do mac)','Compra da fonte do macbook','2017-02-10 17:50:31',1,6),(232,227,1,77,5,0,0,54.10,6,'2016-12-31 00:00:00','2017-07-10 00:00:00','2017-07-10 00:00:00','','Mercado Livre','MERCADOPAGO (Fonte do mac)','Compra da fonte do macbook','2017-02-10 17:50:31',1,6),(233,NULL,3,77,5,0,1,69.80,1,'2017-01-03 00:00:00','2017-01-03 00:00:00','2017-02-10 00:00:00','','Extra em Palmas','EXTRA PALMAS (Compra da impressora)','','2017-02-10 17:51:43',1,5),(234,233,3,77,5,0,0,69.80,2,'2017-01-03 00:00:00','2017-03-10 00:00:00','2017-03-10 00:00:00','','Extra em Palmas','EXTRA PALMAS (Compra da impressora)','','2017-02-10 17:51:43',1,5),(235,233,3,77,5,0,0,69.80,3,'2017-01-03 00:00:00','2017-04-10 00:00:00','2017-04-10 00:00:00','','Extra em Palmas','EXTRA PALMAS (Compra da impressora)','','2017-02-10 17:51:43',1,5),(236,233,3,77,5,0,0,69.80,4,'2017-01-03 00:00:00','2017-05-10 00:00:00','2017-05-10 00:00:00','','Extra em Palmas','EXTRA PALMAS (Compra da impressora)','','2017-02-10 17:51:43',1,5),(237,233,3,77,5,0,0,69.80,5,'2017-01-03 00:00:00','2017-06-10 00:00:00','2017-06-10 00:00:00','','Extra em Palmas','EXTRA PALMAS (Compra da impressora)','','2017-02-10 17:51:43',1,5),(238,NULL,1,43,5,0,1,70.00,NULL,'2017-01-03 00:00:00','2017-01-03 00:00:00','2017-02-10 00:00:00','','Palmas-TO','BR INFORMATICA','Não lembro. Ao que parece, deve ser cartuchos de impressão, que na verdade é o pai quem pagou','2017-02-10 17:53:01',1,NULL),(239,NULL,2,63,5,0,1,50.00,NULL,'2017-01-04 00:00:00','2017-01-04 00:00:00','2017-02-10 00:00:00','','Palmas-TO','POSTO CENTRAL','','2017-02-10 17:53:32',1,NULL),(240,NULL,2,63,5,0,1,156.00,NULL,'2017-01-08 00:00:00','2017-01-08 00:00:00','2017-02-10 00:00:00','','Palmas-TO','POSTO CENTRAL','','2017-02-10 17:54:00',1,NULL),(241,NULL,1,43,5,0,1,47.50,NULL,'2017-01-14 00:00:00','2017-01-14 00:00:00','2017-02-10 00:00:00','','Palmas-TO','M A DE PAIVA ME','','2017-02-10 17:55:05',1,NULL),(242,NULL,1,78,5,0,1,69.04,1,'2017-01-14 00:00:00','2017-01-14 00:00:00','2017-02-10 00:00:00','','','SERRA VERDE','','2017-02-10 18:06:12',1,2),(243,242,1,78,5,0,0,69.04,2,'2017-01-14 00:00:00','2017-03-10 00:00:00','2017-03-10 00:00:00','','','SERRA VERDE','','2017-02-10 18:06:12',1,2),(244,NULL,2,63,5,0,1,180.00,NULL,'2017-01-18 00:00:00','2017-01-18 00:00:00','2017-02-10 00:00:00','','Palmas-TO','POSTO ELITE','','2017-02-10 18:06:55',1,NULL),(245,NULL,1,80,5,0,1,22.23,NULL,'2017-01-19 00:00:00','2017-01-19 00:00:00','2017-02-10 00:00:00','','Palmas-TO','PALMAS PAPELARIA','Compra de materiais escolares do diego','2017-02-10 18:11:34',1,NULL),(246,NULL,5,49,5,0,1,4.27,NULL,'2017-01-19 00:00:00','2017-01-19 00:00:00','2017-02-10 00:00:00','','Palmas-TO','SUPERMERCADO DUDA','','2017-02-10 18:12:27',1,NULL),(247,NULL,4,44,5,0,1,18.00,NULL,'2017-01-19 00:00:00','2017-01-19 00:00:00','2017-02-10 00:00:00','','Palmas-TO','PapelA4','','2017-02-10 18:13:01',1,NULL),(248,NULL,5,42,5,0,1,56.00,NULL,'2017-01-22 00:00:00','2017-01-22 00:00:00','2017-02-10 00:00:00','','Palmas-TO','KIBURGAO','','2017-02-10 18:15:14',1,NULL),(249,NULL,5,49,5,0,1,9.09,NULL,'2017-01-24 00:00:00','2017-01-24 00:00:00','2017-02-10 00:00:00','','Palmas-TO','SUPERMERCADO ECONOMICO','','2017-02-10 18:15:40',1,NULL),(250,NULL,5,49,5,0,1,22.12,NULL,'2017-01-24 00:00:00','2017-01-24 00:00:00','2017-02-10 00:00:00','','Palmas-TO','SUPERMERCADO ECONOMICO','','2017-02-10 18:16:38',1,NULL),(251,NULL,4,44,5,0,1,218.89,NULL,'2017-01-24 00:00:00','2017-01-24 00:00:00','2017-02-10 00:00:00','','Palmas-TO','DISTRIBUIDORA KURING','Ração dos dogs','2017-02-10 18:17:31',1,NULL),(252,NULL,5,72,1,0,1,110.00,NULL,'2017-01-24 00:00:00','2017-01-24 00:00:00','2017-01-24 00:00:00','','Palmas-TO','Ração da Cherutti','','2017-02-10 18:18:29',1,NULL),(253,NULL,4,44,5,0,1,24.21,NULL,'2017-01-26 00:00:00','2017-01-26 00:00:00','2017-02-10 00:00:00','','Palmas-TO','LELE DA CUCA','Compra de coisas de escritório pro pai','2017-02-10 18:19:26',1,NULL),(254,NULL,1,60,5,0,1,20.00,NULL,'2017-01-26 00:00:00','2017-01-26 00:00:00','2017-02-10 00:00:00','','Palmas-TO','RODOPOSTO','','2017-02-10 18:19:52',1,NULL),(255,NULL,1,42,5,0,1,18.95,NULL,'2017-01-27 00:00:00','2017-01-27 00:00:00','2017-02-10 00:00:00','','Palmas-TO','BOB S','','2017-02-10 18:20:11',1,NULL),(256,NULL,5,49,5,0,1,6.99,NULL,'2017-01-28 00:00:00','2017-01-28 00:00:00','2017-02-10 00:00:00','','Palmas-TO','SUPERBIG SUPERMERCADO','','2017-02-10 18:20:46',1,NULL),(257,NULL,5,79,5,0,1,14.00,NULL,'2017-01-28 00:00:00','2017-01-28 00:00:00','2017-02-10 00:00:00','','Palmas-TO','CASA DO VENTILADOR (Capacitor ventilador)','','2017-02-10 18:21:35',1,NULL),(258,NULL,5,49,5,0,1,3.83,NULL,'2017-01-29 00:00:00','2017-01-29 00:00:00','2017-02-10 00:00:00','','Palmas-TO','SUPERMERCADO ECONOMICO','','2017-02-10 18:22:27',1,NULL),(259,NULL,1,42,5,0,1,14.00,NULL,'2017-01-29 00:00:00','2017-01-29 00:00:00','2017-02-10 00:00:00','','Palmas-TO','BOB S','','2017-02-10 18:22:47',1,NULL),(260,NULL,5,79,5,0,1,10.90,NULL,'2017-01-19 00:00:00','2017-01-19 00:00:00','2017-02-10 00:00:00','','Palmas-TO','EDIFICAR MATS PARA CON (Compra disjuntor)','','2017-02-10 18:33:51',1,NULL),(298,NULL,3,82,7,0,1,712.63,NULL,'2017-01-04 00:00:00','2017-01-04 00:00:00','2017-01-04 00:00:00','19510425','Palmas-TO','PAGAMENTO TITULO-TRBONLINE','','2017-02-13 13:49:36',1,NULL),(299,NULL,3,83,7,0,1,1483.90,NULL,'2017-01-09 00:00:00','2017-01-09 00:00:00','2017-01-09 00:00:00','19547758','Palmas-TO','PAGAMENTO TITULO-TRBONLINE','','2017-02-13 13:56:27',1,NULL),(300,NULL,3,84,7,0,1,1520.00,NULL,'2017-01-10 00:00:00','2017-01-10 00:00:00','2017-01-10 00:00:00','19566357','Palmas-TO','PAGAMENTO TITULO-TRBONLINE','','2017-02-13 13:57:37',1,NULL),(301,NULL,3,85,7,0,1,100.00,NULL,'2017-01-12 00:00:00','2017-01-12 00:00:00','2017-01-12 00:00:00','0','Palmas-TO','TAR MANUTENCAO C/C-REF.01/2017','','2017-02-13 14:00:15',1,NULL),(302,NULL,3,83,7,0,1,1570.35,NULL,'2017-01-16 00:00:00','2017-01-16 00:00:00','2017-01-16 00:00:00','19614549','Palmas-TO','PAGAMENTO TITULO-TRBONLINE','','2017-02-13 14:00:50',1,NULL),(303,NULL,3,83,7,0,1,1656.80,NULL,'2017-01-23 00:00:00','2017-01-23 00:00:00','2017-01-23 00:00:00','19680321','Palmas-TO','PAGAMENTO TITULO-TRBONLINE','','2017-02-13 14:01:30',1,NULL),(304,NULL,3,81,7,0,1,1348.33,1,'2016-01-29 00:00:00','2016-01-29 00:00:00','2016-01-29 00:00:00','','Tribanco - Palmas','DEBITO EMPRESTIMO FUNCAO-13/781553','','2017-02-13 14:25:37',1,18),(305,304,3,81,7,0,1,1348.33,2,'2016-01-29 00:00:00','2016-02-29 00:00:00','2016-02-29 00:00:00','','Tribanco - Palmas','DEBITO EMPRESTIMO FUNCAO-13/781553','','2017-02-13 14:25:37',1,18),(306,304,3,81,7,0,1,1348.33,3,'2016-01-29 00:00:00','2016-03-29 00:00:00','2016-03-29 00:00:00','','Tribanco - Palmas','DEBITO EMPRESTIMO FUNCAO-13/781553','','2017-02-13 14:25:37',1,18),(307,304,3,81,7,0,1,1348.33,4,'2016-01-29 00:00:00','2016-04-29 00:00:00','2016-04-29 00:00:00','','Tribanco - Palmas','DEBITO EMPRESTIMO FUNCAO-13/781553','','2017-02-13 14:25:37',1,18),(308,304,3,81,7,0,1,1348.33,5,'2016-01-29 00:00:00','2016-05-29 00:00:00','2016-05-29 00:00:00','','Tribanco - Palmas','DEBITO EMPRESTIMO FUNCAO-13/781553','','2017-02-13 14:25:37',1,18),(309,304,3,81,7,0,1,1348.33,6,'2016-01-29 00:00:00','2016-06-29 00:00:00','2016-06-29 00:00:00','','Tribanco - Palmas','DEBITO EMPRESTIMO FUNCAO-13/781553','','2017-02-13 14:25:37',1,18),(310,304,3,81,7,0,1,1348.33,7,'2016-01-29 00:00:00','2016-07-29 00:00:00','2016-07-29 00:00:00','','Tribanco - Palmas','DEBITO EMPRESTIMO FUNCAO-13/781553','','2017-02-13 14:25:37',1,18),(311,304,3,81,7,0,1,1348.33,8,'2016-01-29 00:00:00','2016-08-29 00:00:00','2016-08-29 00:00:00','','Tribanco - Palmas','DEBITO EMPRESTIMO FUNCAO-13/781553','','2017-02-13 14:25:37',1,18),(312,304,3,81,7,0,1,1348.33,9,'2016-01-29 00:00:00','2016-09-29 00:00:00','2016-09-29 00:00:00','','Tribanco - Palmas','DEBITO EMPRESTIMO FUNCAO-13/781553','','2017-02-13 14:25:37',1,18),(313,304,3,81,7,0,1,1348.33,10,'2016-01-29 00:00:00','2016-10-29 00:00:00','2016-10-29 00:00:00','','Tribanco - Palmas','DEBITO EMPRESTIMO FUNCAO-13/781553','','2017-02-13 14:25:37',1,18),(314,304,3,81,7,0,1,1348.33,11,'2016-01-29 00:00:00','2016-11-29 00:00:00','2016-11-29 00:00:00','','Tribanco - Palmas','DEBITO EMPRESTIMO FUNCAO-13/781553','','2017-02-13 14:25:37',1,18),(315,304,3,81,7,0,1,1348.33,12,'2016-01-29 00:00:00','2016-12-29 00:00:00','2017-01-02 00:00:00','51554290','Tribanco - Palmas','DEBITO EMPRESTIMO FUNCAO-13/781553','','2017-02-13 14:25:37',1,18),(316,304,3,81,7,0,1,1348.33,13,'2016-01-29 00:00:00','2017-01-29 00:00:00','2017-01-30 00:00:00','52310372','Tribanco - Palmas','DEBITO EMPRESTIMO FUNCAO-13/781553','','2017-02-13 14:25:37',1,18),(317,304,3,81,7,0,0,1348.33,14,'2016-01-29 00:00:00','2017-03-01 00:00:00','2017-03-01 00:00:00','','Tribanco - Palmas','DEBITO EMPRESTIMO FUNCAO-13/781553','','2017-02-13 14:25:37',1,18),(318,304,3,81,7,0,0,1348.33,15,'2016-01-29 00:00:00','2017-04-01 00:00:00','2017-04-01 00:00:00','','Tribanco - Palmas','DEBITO EMPRESTIMO FUNCAO-13/781553','','2017-02-13 14:25:37',1,18),(319,304,3,81,7,0,0,1348.33,16,'2016-01-29 00:00:00','2017-05-01 00:00:00','2017-05-01 00:00:00','','Tribanco - Palmas','DEBITO EMPRESTIMO FUNCAO-13/781553','','2017-02-13 14:25:37',1,18),(320,304,3,81,7,0,0,1348.33,17,'2016-01-29 00:00:00','2017-06-01 00:00:00','2017-06-01 00:00:00','','Tribanco - Palmas','DEBITO EMPRESTIMO FUNCAO-13/781553','','2017-02-13 14:25:37',1,18),(321,304,3,81,7,0,0,1348.33,18,'2016-01-29 00:00:00','2017-07-01 00:00:00','2017-07-01 00:00:00','','Tribanco - Palmas','DEBITO EMPRESTIMO FUNCAO-13/781553','','2017-02-13 14:25:37',1,18),(322,NULL,3,85,7,0,1,52.54,NULL,'2017-01-01 00:00:00','2017-01-01 00:00:00','2017-01-31 00:00:00','0','Palmas-TO','TAR MANUTENCAO C/C-REF.01/2017','','2017-02-13 14:28:56',1,NULL),(323,NULL,3,86,7,0,1,86.30,NULL,'2017-01-23 00:00:00','2017-01-23 00:00:00','2017-01-23 00:00:00','52117344','Tribanco-Mastercard','DEBITO LOJISTA - REDECARD','','2017-02-13 14:31:52',1,NULL),(324,NULL,3,87,7,0,1,170.99,NULL,'2016-12-02 00:00:00','2016-12-02 00:00:00','2017-01-02 00:00:00','0','Palmas-TO','ENCARGOS CRED.ROTATIVO','','2017-02-13 14:38:48',1,NULL),(325,NULL,3,88,7,0,1,44.07,NULL,'2016-12-02 00:00:00','2016-12-02 00:00:00','2017-01-02 00:00:00','0','Palmas-TO','IOF OPER CREDITO','','2017-02-13 14:39:37',1,NULL),(326,NULL,3,83,8,0,1,1426.05,NULL,'2017-01-02 00:00:00','2017-01-02 00:00:00','2017-01-02 00:00:00','357','Palmas-TO','PAGTO ELETRON COBRANCA PGTO DA RECARGA','','2017-02-13 15:08:30',1,NULL),(327,NULL,2,65,8,0,1,85.14,NULL,'2017-01-04 00:00:00','2017-01-04 00:00:00','2017-01-04 00:00:00','358','Palmas-TO','PAGTO ELETRON COBRANCA PGTO ESSENCIAS','','2017-02-13 15:10:21',1,NULL),(328,NULL,2,65,8,0,1,183.15,NULL,'2017-01-04 00:00:00','2017-01-04 00:00:00','2017-01-04 00:00:00','359','Palmas-TO','PAGTO ELETRON COBRANCA PGTO ESSENCIAS','','2017-02-13 15:10:57',1,NULL),(329,NULL,3,90,8,0,1,79.98,NULL,'2017-01-05 00:00:00','2017-01-05 00:00:00','2017-01-05 00:00:00','360','Site Kalunga','PAGTO ELETRON COBRANCA CARTUCHOS EPSON','','2017-02-13 15:15:35',1,NULL),(330,NULL,3,91,8,0,1,344.54,NULL,'2016-12-05 00:00:00','2016-12-05 00:00:00','2017-01-05 00:00:00','5660789','Palmas-TO','PAGTO ELETRONICO TRIBUTO INTERNET --FGTS/GRF S/TOMADOR','','2017-02-13 15:16:41',1,NULL),(331,NULL,3,92,8,0,1,58.79,NULL,'2016-12-09 00:00:00','2016-12-09 00:00:00','2017-01-09 00:00:00','5774997','Palmas-TO','PAGTO ELETRONICO TRIBUTO INTERNET --TO-SEFAZ/DARE-ICMS','','2017-02-13 15:17:37',1,NULL),(332,NULL,3,93,8,0,1,285.00,NULL,'2017-01-12 00:00:00','2017-01-12 00:00:00','2017-01-12 00:00:00','3664621','Palmas-TO','TRANSF CC PARA CC PJ ASSOCIACAO DOS ARTESOES DE SANTA','','2017-02-13 15:18:27',1,NULL),(333,NULL,3,89,8,0,1,75.10,NULL,'2017-01-13 00:00:00','2017-01-13 00:00:00','2017-01-13 00:00:00','20117','Palmas-TO','TARIFA BANCARIA CESTA PJ 3','','2017-02-13 15:18:56',1,NULL),(334,NULL,1,94,8,0,1,500.00,NULL,'2017-01-13 00:00:00','2017-01-13 00:00:00','2017-01-13 00:00:00','2397501','Palmas-TO','TRANSF CC PARA CP PJ GLAUKO SILVA CARVALHO','Ultima parcela do MACBOOK','2017-02-13 15:19:53',1,NULL),(335,NULL,3,95,8,0,1,396.00,NULL,'2016-12-16 00:00:00','2016-12-16 00:00:00','2017-01-16 00:00:00','7002397','Palmas-TO','DEP. IDENT. DP05-INT PJ MALEX DO BRASIL I. C. S. G. M. L','Pagamento do malex referente ao ano de 2016.','2017-02-13 15:22:34',1,NULL),(336,NULL,3,96,7,0,1,563.84,NULL,'2017-01-17 00:00:00','2016-12-17 00:00:00','2017-01-17 00:00:00','5190789','Palmas-TO','PAGTO ELETRONICO TRIBUTO INTERNET --INSS/GPS','','2017-02-15 16:05:37',1,NULL),(337,NULL,3,97,7,0,1,17.72,NULL,'2017-01-17 00:00:00','2017-01-17 00:00:00','2071-01-17 00:00:00','6040561','Palmas-TO','BRADESCO NET EMPRESA NET EMPRESA DARF 0561','','2017-02-15 16:06:39',1,NULL),(338,NULL,3,98,9,0,1,219.00,NULL,'2016-11-19 00:00:00','2017-01-19 00:00:00','2017-01-19 00:00:00','1150','Palmas-TO','CHEQUE COMPENSADO','','2017-02-15 16:08:10',1,NULL),(339,NULL,3,99,8,0,1,650.67,NULL,'2016-01-20 00:00:00','2016-12-20 00:00:00','2017-01-20 00:00:00','5644408','Palmas-TO','PAGTO ELETRONICO TRIBUTO INTERNET --SIMPLES NACIONAL','','2017-02-15 16:11:49',1,NULL),(340,NULL,3,100,8,0,1,300.00,NULL,'2017-01-24 00:00:00','2017-01-24 00:00:00','2017-01-24 00:00:00','725860','Palmas-TO','TRANSF CC PARA CC PJ MARIA DO ROSARIO R P DOS S','','2017-02-15 16:12:51',1,NULL),(341,NULL,3,83,8,0,1,1414.55,NULL,'2017-01-30 00:00:00','2017-01-30 00:00:00','2017-01-30 00:00:00','361','Palmas-TO','PAGTO ELETRON COBRANCA PGTO DA RECARGA','','2017-02-15 16:16:33',1,NULL),(342,NULL,3,101,8,0,1,1014.17,NULL,'2017-01-30 00:00:00','2017-01-30 00:00:00','2017-01-30 00:00:00','5642631','Palmas-TO','PAGTO ELETRONICO TRIBUTO INTERNET --SIMPLES NACIONAL','','2017-02-15 16:19:40',1,NULL),(343,NULL,3,102,1,0,1,900.00,NULL,'2017-01-30 00:00:00','2017-01-30 00:00:00','2017-01-30 00:00:00','','Palmas-TO','','','2017-02-20 13:00:20',1,NULL),(344,NULL,3,103,1,0,1,870.00,NULL,'2017-01-30 00:00:00','2017-01-30 00:00:00','2017-01-30 00:00:00','','Palmas-TO','','','2017-02-20 13:01:09',1,NULL),(345,NULL,3,104,1,0,1,400.00,NULL,'2017-01-30 00:00:00','2017-01-30 00:00:00','2017-01-30 00:00:00','','Palmas-TO','','','2017-02-20 13:01:43',1,NULL),(346,NULL,3,105,1,0,1,500.00,NULL,'2017-01-30 00:00:00','2017-01-30 00:00:00','2017-01-30 00:00:00','','Palmas-TO','','','2017-02-20 13:03:23',1,NULL),(347,NULL,3,48,1,0,1,150.00,NULL,'2017-01-30 00:00:00','2017-01-30 00:00:00','2017-01-30 00:00:00','','Palmas-TO','','','2017-02-20 13:04:13',1,NULL),(348,NULL,3,106,1,0,1,228.00,NULL,'2017-01-30 00:00:00','2017-01-30 00:00:00','2017-01-30 00:00:00','','Palmas-TO','','','2017-02-20 13:04:38',1,NULL),(349,NULL,3,107,1,0,1,608.00,NULL,'2017-01-30 00:00:00','2017-01-30 00:00:00','2017-01-30 00:00:00','','Palmas-TO','','','2017-02-20 13:05:12',1,NULL),(350,NULL,3,112,1,0,1,84.00,NULL,'2017-01-07 00:00:00','2017-01-07 00:00:00','2017-01-07 00:00:00','','Palmas-TO','','','2017-02-20 13:08:46',1,NULL),(351,NULL,3,108,1,0,1,1558.00,NULL,'2017-01-07 00:00:00','2016-12-07 00:00:00','2017-01-07 00:00:00','','Palmas-TO','','','2017-02-20 13:10:53',1,NULL),(352,NULL,3,113,1,0,1,931.00,NULL,'2017-01-07 00:00:00','2016-12-07 00:00:00','2017-01-07 00:00:00','','Palmas-TO','','','2017-02-20 13:11:49',1,NULL),(353,NULL,3,114,1,0,1,150.00,NULL,'2017-01-07 00:00:00','2017-01-07 00:00:00','2017-01-07 00:00:00','','Palmas-TO','','','2017-02-20 16:35:54',1,NULL),(354,NULL,3,115,1,0,1,300.00,NULL,'2017-01-30 00:00:00','2017-01-30 00:00:00','2017-01-30 00:00:00','','Palmas-TO','','','2017-02-20 16:36:56',1,NULL),(355,NULL,1,60,4,0,1,10.04,NULL,'2017-02-02 00:00:00','2017-02-02 00:00:00','2017-02-02 00:00:00','0687080','Palmas-TO','Visa Electron Auto Posto Cristal','','2017-03-01 16:18:01',1,NULL),(356,NULL,1,53,4,0,1,2.20,NULL,'2017-02-02 00:00:00','2017-01-01 00:00:00','2017-02-02 00:00:00','5795936','Palmas-TO','Iof Util Limite','','2017-03-01 16:18:57',1,NULL),(357,NULL,1,54,4,0,1,3.48,NULL,'2017-02-03 00:00:00','2017-01-01 00:00:00','2017-02-03 00:00:00','','Palmas-TO','Enc Lim Credito Encargo - 07,73%','','2017-03-01 16:19:29',1,NULL),(358,NULL,1,42,4,0,1,3.50,NULL,'2017-02-07 00:00:00','2017-02-07 00:00:00','2017-02-07 00:00:00','','Palmas-TO','Visa Electron Fellipe Franco Teixeir','','2017-03-01 16:20:11',1,NULL),(359,NULL,3,45,10,0,1,1000.00,NULL,'2017-01-31 00:00:00','2017-01-31 00:00:00','2017-02-07 00:00:00','0000011','Palmas-TO','Chq Compensado','','2017-03-01 16:23:05',1,NULL),(360,NULL,1,42,4,0,1,5.00,NULL,'2017-02-14 00:00:00','2017-02-14 00:00:00','2017-02-14 00:00:00','0075665','Lanche na faculdade católica','Visa Electron Fellipe Franco Teixeir','','2017-03-01 16:26:43',1,NULL),(361,NULL,1,80,4,0,1,4.00,NULL,'2017-02-14 00:00:00','2017-02-14 00:00:00','2017-02-14 00:00:00','0822063','Palmas-TO','MULTA DE LIVROS DA FACULDADE','','2017-03-01 16:27:25',1,NULL),(362,NULL,2,55,4,0,1,41.40,NULL,'2017-02-16 00:00:00','2017-02-16 00:00:00','2017-02-16 00:00:00','0000202','Palmas-TO','Pagto Cobranca Odontoprev S/a','','2017-03-01 16:28:27',1,NULL),(363,NULL,1,42,4,0,1,12.00,NULL,'2017-02-16 00:00:00','2017-02-16 00:00:00','2017-02-16 00:00:00','0301680','Lanche na faculdade católica','Visa Electron Rest. Sbirigundum','','2017-03-01 16:29:10',1,NULL),(364,NULL,1,42,4,0,1,2.50,NULL,'2017-02-16 00:00:00','2017-02-16 00:00:00','2017-02-16 00:00:00','0301684','Lanche na faculdade católica','Visa Electron Rest. Sbirigundum','','2017-03-01 16:30:21',1,NULL),(365,NULL,1,59,4,0,1,39.90,NULL,'2017-02-20 00:00:00','2017-02-20 00:00:00','2017-02-20 00:00:00','0000203','Palmas-TO','Pagto Cobranca Odontoprev S/a','','2017-03-01 16:31:26',1,NULL),(366,NULL,5,49,4,0,1,174.30,NULL,'2017-02-20 00:00:00','2017-02-20 00:00:00','2017-02-20 00:00:00','0180207','Atacadão em Palmas-TO','Visa Electron Atadacao 090 as','','2017-03-01 16:32:12',1,NULL),(367,NULL,5,49,4,0,1,22.19,NULL,'2017-02-20 00:00:00','2017-02-20 00:00:00','2017-02-20 00:00:00','0180209','Atacadão em Palmas-TO','Visa Electron Atadacao 090 as','','2017-03-01 16:32:43',1,NULL),(368,NULL,2,64,4,0,1,87.24,NULL,'2017-02-21 00:00:00','2017-02-21 00:00:00','2017-02-21 00:00:00','0000161','Farmacia Pague Menos','Visa Electron Fcia Pague Menos 756','','2017-03-01 16:36:35',1,NULL),(369,NULL,5,49,4,0,1,16.78,NULL,'2017-02-21 00:00:00','2017-02-21 00:00:00','2017-02-21 00:00:00','0210201','Supermercado Duda','Visa Electron Supermercado Duda','','2017-03-01 16:37:08',1,NULL),(370,NULL,1,58,4,0,1,6.50,NULL,'2017-02-22 00:00:00','2017-02-22 00:00:00','2017-02-22 00:00:00','0220691','Supermercado Duda','Visa Electron Supermercado Duda','Compra de uma pera, fita crepe e lâmina gilete para experimentos em morfologia','2017-03-01 16:38:12',1,NULL),(371,NULL,2,63,5,0,1,30.00,NULL,'2017-02-23 00:00:00','2017-02-23 00:00:00','2017-04-10 00:00:00','','Palmas-TO','PETROLIDER','','2017-03-01 17:13:45',1,NULL),(372,NULL,5,49,5,0,1,4.67,NULL,'2017-02-02 00:00:00','2017-02-02 00:00:00','2017-03-10 00:00:00','','Palmas-TO','SUPERMERCADO ECONOMICO','','2017-03-01 17:18:28',1,NULL),(373,NULL,2,63,5,0,1,50.00,NULL,'2017-02-04 00:00:00','2017-02-04 00:00:00','2017-03-10 00:00:00','','Palmas-TO','POSTO CENTRAL','','2017-03-01 17:19:01',1,NULL),(374,NULL,2,63,5,0,1,170.02,NULL,'2017-02-06 00:00:00','2017-02-06 00:00:00','2017-03-10 00:00:00','','Palmas-TO','POSTO CENTRAL','','2017-03-01 17:19:33',1,NULL),(375,NULL,5,49,5,0,1,18.26,NULL,'2017-02-06 00:00:00','2017-02-06 00:00:00','2017-03-10 00:00:00','','Palmas-TO','SUPERBIG SUPERMERCADO','','2017-03-01 17:20:00',1,NULL),(376,NULL,1,60,5,0,1,10.00,NULL,'2017-02-08 00:00:00','2017-02-08 00:00:00','2017-03-10 00:00:00','','Palmas-TO','AUTO POSTO CRISTAL','','2017-03-01 17:20:39',1,NULL),(377,NULL,1,58,5,0,1,12.00,NULL,'2017-02-09 00:00:00','2017-02-09 00:00:00','2017-03-10 00:00:00','','Palmas-TO','PROTECAO EQUIP DE SEG','Comprei a fita zebrada para cercar a plantação de abóbora la na faculdade','2017-03-01 17:21:24',1,NULL),(378,NULL,1,58,5,0,1,58.00,NULL,'2017-02-09 00:00:00','2017-02-09 00:00:00','2017-03-10 00:00:00','','Palmas-TO','PAPELARIA MODERNA','Comprei materiais didáticos da católica','2017-03-01 17:21:59',1,NULL),(379,NULL,2,63,5,0,1,20.00,NULL,'2017-02-09 00:00:00','2017-02-09 00:00:00','2017-03-10 00:00:00','','Palmas-TO','AUTO POSTO CRISTAL','','2017-03-01 17:22:25',1,NULL),(380,NULL,2,63,5,0,1,88.86,NULL,'2017-02-10 00:00:00','2017-02-10 00:00:00','2017-03-10 00:00:00','','Palmas-TO','AUTO POSTO ARAGUAIA','','2017-03-01 17:22:54',1,NULL),(381,NULL,1,64,5,0,1,16.11,NULL,'2017-02-16 00:00:00','2017-02-16 00:00:00','2017-03-10 00:00:00','','Palmas-TO','DROGANITA 704 SUL','','2017-03-01 17:25:16',1,NULL),(382,NULL,1,116,5,0,1,44.00,NULL,'2017-02-18 00:00:00','2017-02-18 00:00:00','2017-03-10 00:00:00','','LIBER MOTOS	','LIBER MOTOS','','2017-03-01 17:26:31',1,NULL),(383,NULL,5,49,5,0,1,4.93,NULL,'2017-02-20 00:00:00','2017-02-20 00:00:00','2017-03-10 00:00:00','','Palmas-TO','SUPERMERCADO ECONOMICO','','2017-03-01 17:26:56',1,NULL),(384,NULL,1,42,5,0,1,3.50,NULL,'2017-02-21 00:00:00','2017-02-21 00:00:00','2017-03-10 00:00:00','','Lanche na faculdade católica','FELLIPE FRANCO TEIXEIR','','2017-03-01 17:27:20',1,NULL),(385,NULL,5,49,6,0,1,24.56,NULL,'2017-02-03 00:00:00','2017-02-03 00:00:00','2017-03-10 00:00:00','','Palmas-TO','Superbig Supermercado','','2017-03-01 17:38:55',1,NULL),(386,NULL,2,117,6,0,1,20.00,NULL,'2017-02-06 00:00:00','2017-02-06 00:00:00','2017-03-10 00:00:00','','Palmas-TO','Claudia Noivas','','2017-03-01 17:39:37',1,NULL),(387,NULL,2,63,6,0,1,20.00,NULL,'2017-02-06 00:00:00','2017-02-06 00:00:00','2017-03-10 00:00:00','','Palmas-TO','Auto Posto Cantao','','2017-03-01 17:40:03',1,NULL),(388,NULL,2,118,6,0,1,24.66,NULL,'2017-02-06 00:00:00','2017-02-06 00:00:00','2017-03-10 00:00:00','','Palmas-TO','Bazar Ohkubo','','2017-03-01 17:40:50',1,NULL),(389,NULL,2,67,6,0,1,41.00,NULL,'2017-02-06 00:00:00','2017-02-06 00:00:00','2017-03-10 00:00:00','','Palmas-TO','Elaine Negre Sanches','','2017-03-01 17:41:21',1,NULL),(390,NULL,2,64,6,0,1,18.00,NULL,'2017-02-13 00:00:00','2017-02-13 00:00:00','2017-03-10 00:00:00','','Palmas-TO','Droganita 704 Sul','','2017-03-01 17:41:48',1,NULL),(391,NULL,2,64,6,0,1,27.00,NULL,'2017-02-14 00:00:00','2017-02-14 00:00:00','2017-03-10 00:00:00','','Palmas-TO','Farmacia Biovida','','2017-03-01 17:42:08',1,NULL),(392,NULL,5,49,6,0,1,8.70,NULL,'2017-02-14 00:00:00','2017-02-14 00:00:00','2017-03-10 00:00:00','','Palmas-TO','Supermercado Economico','','2017-03-01 17:42:29',1,NULL),(393,NULL,2,117,6,0,1,14.80,NULL,'2017-02-15 00:00:00','2017-02-15 00:00:00','2017-03-10 00:00:00','','Palmas-TO','Retalhao Peresino','Compra de tecido','2017-03-01 17:43:17',1,NULL),(394,NULL,2,117,6,0,1,6.97,NULL,'2017-02-15 00:00:00','2017-02-15 00:00:00','2017-03-10 00:00:00','','Palmas-TO','Costa Rica Malhas','','2017-03-01 17:43:45',1,NULL),(395,NULL,3,66,6,0,1,63.00,NULL,'2017-02-15 00:00:00','2017-02-15 00:00:00','2017-03-10 00:00:00','','Palmas-TO','Palmas Embalagens','','2017-03-01 17:44:14',1,NULL),(396,NULL,2,64,6,0,1,4.50,NULL,'2017-02-16 00:00:00','2017-02-16 00:00:00','2017-03-10 00:00:00','','Palmas-TO','Droganita 704 Sul','','2017-03-01 17:44:39',1,NULL),(397,NULL,5,49,6,0,1,6.70,NULL,'2017-02-16 00:00:00','2017-02-16 00:00:00','2017-03-10 00:00:00','','Palmas-TO','Supermercado Economico','','2017-03-01 17:44:58',1,NULL),(398,NULL,2,64,6,0,1,16.41,NULL,'2017-02-17 00:00:00','2017-02-17 00:00:00','2017-03-10 00:00:00','','Palmas-TO','Drogao Sul','','2017-03-01 17:45:17',1,NULL),(399,NULL,2,67,6,0,1,40.00,NULL,'2017-02-20 00:00:00','2017-02-20 00:00:00','2017-03-10 00:00:00','','Palmas-TO','Elaine Negre Sanches','','2017-03-01 17:45:42',1,NULL),(400,NULL,5,42,6,0,1,10.20,NULL,'2017-02-20 00:00:00','2017-02-20 00:00:00','2017-03-10 00:00:00','','Palmas-TO','Acai Com','','2017-03-01 17:46:01',1,NULL),(401,NULL,2,64,6,0,1,15.20,NULL,'2017-02-20 00:00:00','2017-02-20 00:00:00','2017-03-10 00:00:00','','Palmas-TO','Droganita 704 Sul','','2017-03-01 17:46:26',1,NULL),(402,NULL,5,49,6,0,1,13.79,NULL,'2017-02-20 00:00:00','2017-02-20 00:00:00','2017-03-10 00:00:00','','Palmas-TO','Super Big','','2017-03-01 17:46:53',1,NULL),(403,NULL,5,42,6,0,1,21.00,NULL,'2017-02-20 00:00:00','2017-02-20 00:00:00','2017-03-10 00:00:00','','Palmas-TO','Espeto No Ponto','','2017-03-01 17:47:30',1,NULL),(404,NULL,2,42,6,0,1,13.96,NULL,'2017-02-20 00:00:00','2017-02-20 00:00:00','2017-03-10 00:00:00','','Palmas-TO','Rest Seara','','2017-03-01 17:47:59',1,NULL),(405,NULL,4,119,6,0,1,55.94,NULL,'2017-02-24 00:00:00','2017-02-24 00:00:00','2017-03-10 00:00:00','','Ebay','Paypal Chenweiying','','2017-03-01 17:49:03',1,NULL),(406,NULL,4,119,6,0,1,3.57,NULL,'2017-02-24 00:00:00','2017-02-24 00:00:00','2017-03-10 00:00:00','','Palmas-TO','IOF de \"Paypal Chenweiying\"','','2017-03-01 17:49:23',1,NULL),(407,NULL,5,49,6,0,1,12.55,NULL,'2017-02-26 00:00:00','2017-02-26 00:00:00','2017-03-10 00:00:00','','Palmas-TO','Superbig Supermercado Pa','','2017-03-01 17:49:52',1,NULL),(408,NULL,5,68,6,0,1,22.90,NULL,'2017-02-27 00:00:00','2017-02-27 00:00:00','2017-03-10 00:00:00','','Palmas-TO','Netflix.Com','','2017-03-01 17:50:19',1,NULL),(409,NULL,2,63,6,0,1,50.00,NULL,'2017-02-28 00:00:00','2017-02-28 00:00:00','2017-03-10 00:00:00','','Palmas-TO','Petrolider Pa','','2017-03-01 17:50:45',1,NULL),(416,NULL,3,120,2,0,1,350.00,NULL,'2017-02-07 00:00:00','2017-02-07 00:00:00','2017-02-07 00:00:00','601.117.000.027.384','Palmas-TO','Transferência on line  07/02 1117 27384-8 ORLEY M CAVALC','','2017-03-01 18:05:05',1,NULL),(417,NULL,3,47,2,0,1,700.00,NULL,'2017-02-13 00:00:00','2017-02-13 00:00:00','2017-02-13 00:00:00','601.886.000.044.096','Palmas-TO','Transferência on line  13/02 1886 44096-5 MARIA ANTONIA','','2017-03-01 18:05:56',1,NULL),(418,NULL,4,44,2,0,1,1000.00,NULL,'2017-02-22 00:00:00','2017-02-22 00:00:00','2017-02-22 00:00:00','22.201','Palmas-TO','TED Transf.Eletr.Disponiv  104 2289 04510561164 MATHEUS AUGUSTO L','Recebi do pai','2017-03-01 18:07:12',1,NULL),(419,NULL,3,121,8,0,1,2.41,NULL,'2017-02-02 00:00:00','2017-02-02 00:00:00','2017-02-02 00:00:00','317245','Palmas-TO','IOF S/ UTILIZACAO LIMITE','','2017-03-01 18:18:58',1,NULL),(420,NULL,3,122,8,0,1,2.59,NULL,'2017-02-03 00:00:00','2017-02-03 00:00:00','2017-02-03 00:00:00','317245','Palmas-TO','ENCARGOS LIMITE DE CRED ENCARGO - 13,09%','','2017-03-01 18:19:55',1,NULL),(421,NULL,3,91,8,0,1,260.42,NULL,'2017-02-07 00:00:00','2017-02-07 00:00:00','2017-02-07 00:00:00','5660789','Palmas-TO','PAGTO ELETRONICO TRIBUTO INTERNET --FGTS/GRF S/TOMADOR','','2017-03-01 18:20:31',1,NULL),(422,NULL,3,98,9,0,1,200.00,NULL,'2017-02-07 00:00:00','2017-02-07 00:00:00','2017-02-07 00:00:00','1151','Palmas-TO','CHEQUE COMPENSADO','','2017-03-01 18:21:24',1,NULL),(423,NULL,3,89,8,0,1,75.10,NULL,'2017-02-15 00:00:00','2017-02-15 00:00:00','2017-02-15 00:00:00','10217','Palmas-TO','TARIFA BANCARIA CESTA PJ 3','','2017-03-01 18:22:06',1,NULL),(424,NULL,3,95,8,0,1,41.00,NULL,'2017-02-15 00:00:00','2017-02-15 00:00:00','2017-02-15 00:00:00','7002397','Palmas-TO','DEP. IDENT. DP05-INT PJ MALEX DO BRASIL I. C. S. G. M. L','','2017-03-01 18:22:43',1,NULL),(425,NULL,1,123,8,0,1,229.79,NULL,'2017-02-16 00:00:00','2017-02-16 00:00:00','2017-02-16 00:00:00','362','Palmas-TO','PAGTO ELETRON COBRANCA MOTO PC 01/36','','2017-03-01 18:26:43',1,NULL),(426,NULL,1,123,8,0,1,92.78,NULL,'2017-02-16 00:00:00','2017-02-16 00:00:00','2017-02-16 00:00:00','363','Palmas-TO','PAGTO ELETRON COBRANCA MOTO PC 36/36','','2017-03-01 18:27:41',1,NULL),(427,NULL,1,57,8,0,1,33.22,NULL,'2017-02-16 00:00:00','2017-01-16 00:00:00','2017-02-16 00:00:00','5960215','Palmas-TO','CONTA DE TELEFONE INTERNET --CLARO CO DDD 61 A 69','','2017-03-01 18:28:53',1,NULL),(428,NULL,2,124,8,0,1,35.72,NULL,'2017-02-16 00:00:00','2017-01-16 00:00:00','2017-02-16 00:00:00','5960215','Palmas-TO','CONTA DE TELEFONE INTERNET --CLARO CO DDD 61 A 69','','2017-03-01 18:30:12',1,NULL),(429,NULL,3,96,8,0,1,595.69,NULL,'2017-02-20 00:00:00','2017-01-20 00:00:00','2017-02-20 00:00:00','5190789','Palmas-TO','PAGTO ELETRONICO TRIBUTO INTERNET --INSS/GPS','','2017-03-01 18:30:47',1,NULL),(430,NULL,3,99,8,0,1,690.67,NULL,'2017-02-20 00:00:00','2017-01-20 00:00:00','2017-02-20 00:00:00','5641950','Palmas-TO','PAGTO ELETRONICO TRIBUTO INTERNET --SIMPLES NACIONAL','','2017-03-01 18:31:12',1,NULL),(431,NULL,4,44,8,0,1,1300.00,NULL,'2017-02-20 00:00:00','2017-02-20 00:00:00','2017-02-20 00:00:00','3664108','Palmas-TO','TRANSF CC PARA CC PJ JUCELIA CARVALHO VIEIRA CHAVES','Transferi pra mãe porque ela me deu o dinheiro pra depositar','2017-03-01 18:31:46',1,NULL),(432,NULL,3,101,8,0,1,1023.94,NULL,'2017-02-24 00:00:00','2017-02-24 00:00:00','2017-02-24 00:00:00','5643754','Palmas-TO','PAGTO ELETRONICO TRIBUTO INTERNET --SIMPLES NACIONAL','','2017-03-01 18:33:45',1,NULL),(434,NULL,1,42,1,0,1,10.00,NULL,'2017-03-03 00:00:00','2017-03-03 00:00:00','2017-03-03 00:00:00','','Adriana bombons','Adriana bombons','','2017-03-03 17:07:16',1,NULL),(435,NULL,3,87,7,0,1,119.58,NULL,'2017-02-01 00:00:00','2017-01-01 00:00:00','2017-02-01 00:00:00','','Palmas-TO','ENCARGOS CRED.ROTATIVO','','2017-03-03 17:49:01',1,NULL),(436,NULL,3,88,7,0,1,29.47,NULL,'2017-02-01 00:00:00','2017-01-01 00:00:00','2017-02-01 00:00:00','','Palmas-TO','IOF OPER CREDITO','','2017-03-03 17:49:39',1,NULL),(439,NULL,3,85,7,0,1,47.46,NULL,'2017-02-02 00:00:00','2017-02-02 00:00:00','2017-02-02 00:00:00','','Palmas-TO','TAR MANUTENCAO C/C-REF.02/2017','','2017-03-03 17:54:39',1,NULL),(440,NULL,1,77,7,0,1,925.81,NULL,'2017-02-03 00:00:00','2017-02-03 00:00:00','2017-02-03 00:00:00','19798861','Pichau','PAGAMENTO TITULO-TRBONLINE','Compra da Placa de Vídeo','2017-03-03 18:00:13',1,NULL),(441,NULL,3,82,7,0,1,712.63,NULL,'2017-02-03 00:00:00','2017-02-03 00:00:00','2017-02-03 00:00:00','19798867','Palmas-TO','PAGAMENTO TITULO-TRBONLINE','','2017-03-03 18:01:08',1,NULL),(442,NULL,3,83,7,0,1,1888.60,NULL,'2017-02-06 00:00:00','2017-02-06 00:00:00','2017-02-06 00:00:00','19809694','Palmas-TO','PAGAMENTO TITULO-TRBONLINE','','2017-03-03 18:01:53',1,NULL),(443,NULL,2,125,7,0,1,105.00,NULL,'2017-02-10 00:00:00','2017-02-10 00:00:00','2017-02-10 00:00:00','19856260','Palmas-TO','PAGAMENTO TITULO-TRBONLINE','Anuidade do cartão de crédito bradesco da leidy','2017-03-03 18:23:21',1,NULL),(444,NULL,4,44,7,0,1,1083.61,NULL,'2017-02-10 00:00:00','2017-02-10 00:00:00','2017-02-10 00:00:00','19856266','Palmas-TO','PAGAMENTO TITULO-TRBONLINE','Pagamento fatura nubank','2017-03-03 18:25:54',1,NULL),(445,NULL,3,84,7,0,1,1695.60,NULL,'2017-02-10 00:00:00','2017-01-10 00:00:00','2017-02-10 00:00:00','19856270','Palmas-TO','PAGAMENTO TITULO-TRBONLINE','','2017-03-03 18:27:14',1,NULL),(446,NULL,3,83,7,0,1,1965.00,NULL,'2017-02-14 00:00:00','2017-02-14 00:00:00','2017-02-14 00:00:00','19885905','Palmas-TO','PAGAMENTO TITULO-TRBONLINE','','2017-03-03 18:28:02',1,NULL),(447,NULL,2,52,7,0,1,330.27,NULL,'2017-02-17 00:00:00','2017-02-17 00:00:00','2017-02-17 00:00:00','19929377','Palmas-TO','Pagto Cobranca Unimed Leidy','','2017-03-03 18:28:35',1,NULL),(448,NULL,3,83,7,0,1,997.20,NULL,'2017-02-20 00:00:00','2017-02-20 00:00:00','2017-02-20 00:00:00','19935434','Palmas-TO','PAGAMENTO TITULO-TRBONLINE','','2017-03-03 18:29:41',1,NULL);
/*!40000 ALTER TABLE `lancamento` ENABLE KEYS */;
UNLOCK TABLES;

--
-- Table structure for table `usuario`
--

DROP TABLE IF EXISTS `usuario`;
/*!40101 SET @saved_cs_client     = @@character_set_client */;
/*!40101 SET character_set_client = utf8 */;
CREATE TABLE `usuario` (
  `id_usuario` int(11) NOT NULL AUTO_INCREMENT,
  `nome` varchar(128) NOT NULL,
  `login` varchar(45) NOT NULL,
  `senha` varchar(32) NOT NULL,
  `ativo` bit(1) NOT NULL,
  PRIMARY KEY (`id_usuario`),
  UNIQUE KEY `nome_UNIQUE` (`nome`),
  UNIQUE KEY `login_UNIQUE` (`login`)
) ENGINE=InnoDB DEFAULT CHARSET=utf8;
/*!40101 SET character_set_client = @saved_cs_client */;

--
-- Dumping data for table `usuario`
--

LOCK TABLES `usuario` WRITE;
/*!40000 ALTER TABLE `usuario` DISABLE KEYS */;
/*!40000 ALTER TABLE `usuario` ENABLE KEYS */;
UNLOCK TABLES;
/*!40103 SET TIME_ZONE=@OLD_TIME_ZONE */;

/*!40101 SET SQL_MODE=@OLD_SQL_MODE */;
/*!40014 SET FOREIGN_KEY_CHECKS=@OLD_FOREIGN_KEY_CHECKS */;
/*!40014 SET UNIQUE_CHECKS=@OLD_UNIQUE_CHECKS */;
/*!40101 SET CHARACTER_SET_CLIENT=@OLD_CHARACTER_SET_CLIENT */;
/*!40101 SET CHARACTER_SET_RESULTS=@OLD_CHARACTER_SET_RESULTS */;
/*!40101 SET COLLATION_CONNECTION=@OLD_COLLATION_CONNECTION */;
/*!40111 SET SQL_NOTES=@OLD_SQL_NOTES */;

-- Dump completed on 2017-03-03 18:36:31
